frame,time,hand_x,hand_y,hand_z,foot_x,foot_y,foot_z
0,0.0,45.5309,35.5287,46.1088,36.9469,78.2535,0.7067
1,0.033472092115534736,45.5443,35.5287,45.7659,37.0175,77.3329,0.8554
2,0.06694418423106947,45.5544,35.5287,45.6186,37.0300,78.2515,0.7655
3,0.10041627634660422,45.6418,35.5287,45.5633,37.0146,78.2519,0.7894
4,0.13388836846213895,45.6273,35.5287,45.6236,37.0433,78.2512,0.8522
5,0.1673604605776737,45.6308,35.5287,45.5580,37.0188,78.2518,0.8459
6,0.20083255269320843,45.5298,35.5287,45.5036,36.9991,78.2523,0.7996
7,0.23430464480874316,45.5496,35.5287,45.4572,37.0555,78.2509,0.8006
8,0.2677767369242779,45.6126,35.5287,45.4783,37.0219,78.2517,0.7755
9,0.30124882903981265,45.6660,35.5287,45.5193,37.0091,78.2520,0.8211
10,0.3347209211553474,45.6878,35.5287,45.5701,36.9918,78.2524,0.8409
11,0.3681930132708821,45.7126,35.5287,45.5659,37.0056,78.2521,0.8606
12,0.40166510538641687,45.7470,35.5287,45.5767,37.0122,79.1793,0.7591
13,0.4351371975019516,45.7365,35.5287,45.5521,37.0018,79.1796,0.7881
14,0.4686092896174863,45.7210,35.5287,45.5857,36.9864,79.1800,0.7715
15,0.5020813817330211,45.6682,35.5287,45.5791,36.9305,79.1813,0.8194
16,0.5355534738485558,45.5397,35.5287,45.6140,36.9179,79.1816,0.8511
17,0.5690255659640906,45.5391,35.5287,45.5844,36.9746,79.1802,0.8177
18,0.6024976580796253,45.4399,35.5287,45.5535,36.9923,79.1798,0.7710
19,0.63596975019516,45.4605,35.5287,45.5900,36.9410,79.1811,0.7919
20,0.6694418423106948,45.3739,35.5287,45.5269,36.9642,79.1805,0.7951
21,0.7029139344262295,45.1213,35.5287,45.4958,36.9352,79.1812,0.8498
22,0.7363860265417642,45.3667,35.5287,45.6693,36.9353,80.1172,0.7448
23,0.769858118657299,45.3492,35.5287,45.6650,36.9216,79.1815,0.8443
24,0.8033302107728337,45.3663,35.5287,45.6852,36.9836,79.1800,0.8186
25,0.8368023028883684,45.5596,35.5287,45.8314,37.0055,79.1795,0.8518
26,0.8702743950039032,45.5511,35.5287,45.8571,37.0045,79.1795,0.8416
27,0.903746487119438,45.5549,35.5287,45.8769,36.9992,79.1796,0.8495
28,0.9372185792349726,45.5577,35.5287,45.9789,37.0163,80.1152,0.7473
29,0.9706906713505075,45.3971,35.5287,45.9101,37.0457,80.1145,0.7619
30,1.0041627634660422,45.2064,35.5287,45.8527,37.0608,80.1142,0.7501
31,1.0376348555815769,45.2492,35.5287,45.8883,37.0623,80.1141,0.7712
32,1.0711069476971116,45.2847,35.5287,45.9818,37.0531,80.1143,0.8464
33,1.1045790398126463,45.3125,35.5287,46.0321,37.0879,80.1135,0.8914
34,1.1380511319281812,45.3623,35.5287,46.0775,37.1009,80.1132,0.8940
35,1.171523224043716,45.4453,35.5287,46.1191,37.1246,80.1126,0.8989
36,1.2049953161592506,45.4386,35.5287,46.1477,37.1120,81.0576,0.7680
37,1.2384674082747853,45.4150,35.5287,46.0589,37.1032,80.1131,0.8478
38,1.27193950039032,45.4156,35.5287,46.0990,37.1375,80.1123,0.8805
39,1.3054115925058547,45.4541,35.5287,46.1214,37.1249,81.0573,0.7616
40,1.3388836846213896,45.4566,35.5287,46.1181,37.2060,81.0554,0.7602
41,1.3723557767369243,45.3769,35.5287,46.0665,37.2387,80.1099,0.8772
42,1.405827868852459,45.3270,35.5287,46.0517,37.2341,80.1100,0.8507
43,1.4392999609679937,45.2633,35.5287,46.1187,37.2013,80.1108,0.8154
44,1.4727720530835284,45.4409,35.5287,46.3513,37.2038,79.1747,0.8955
45,1.5062441451990631,45.5148,35.5287,46.3965,37.1952,78.2475,0.8946
46,1.539716237314598,45.2084,35.5287,45.6451,37.2216,78.2468,0.8397
47,1.5731883294301328,45.1123,35.5287,45.6340,37.2833,77.3263,0.9365
48,1.6066604215456675,44.9876,35.5287,45.7055,37.3707,77.3242,0.9373
49,1.6401325136612022,44.8365,35.5287,45.4605,37.4302,77.3227,0.9461
50,1.6736046057767369,44.7571,35.5287,45.1746,37.4619,77.3219,0.9250
51,1.7070766978922716,44.8150,35.5287,44.8417,37.4867,77.3213,0.8997
52,1.7405487900078065,45.1035,35.5287,45.4345,37.5624,77.3194,0.8529
53,1.7740208821233412,45.0332,35.5287,45.4475,37.6019,77.3185,0.8488
54,1.807492974238876,43.6667,35.5287,45.9168,37.7128,77.3157,0.8446
55,1.8409650663544106,43.9809,35.5287,45.5862,37.8428,76.4017,1.0007
56,1.8744371584699453,43.3143,35.5287,46.4098,38.0053,77.3085,0.8462
57,1.90790925058548,43.3483,35.5287,46.4567,38.0876,77.3064,0.9139
58,1.941381342701015,43.6922,35.5287,46.5752,38.1991,78.2229,0.8763
59,1.9748534348165496,44.0050,35.5287,46.6964,38.3582,78.2190,0.9028
60,2.0083255269320843,44.5748,35.5287,46.7156,38.4557,78.2166,0.9901
61,2.0417976190476192,45.0989,35.5287,46.8937,38.6381,78.2121,0.9921
62,2.0752697111631537,45.6213,35.5287,46.8047,38.8889,78.2060,0.9651
63,2.1087418032786887,46.1761,35.5287,46.7909,39.1719,77.2796,1.0738
64,2.142213895394223,46.6744,35.5287,46.8732,39.6143,77.2687,1.0975
65,2.175685987509758,56.4852,35.5287,42.3656,40.1413,78.1753,1.0674
66,2.2091580796252925,56.8963,35.5287,41.8892,40.7649,79.0884,1.0928
67,2.2426301717408275,57.1769,35.5287,41.8035,41.5736,80.0060,1.1234
68,2.2761022638563624,48.4678,35.5287,47.7311,42.7570,79.9777,1.1844
69,2.309574355971897,48.8764,35.5287,47.9592,44.2029,79.9430,1.1353
70,2.343046448087432,49.1946,35.5287,48.2542,45.7408,79.9062,1.0959
71,2.3765185402029663,49.5672,35.5287,48.3245,47.3885,78.9280,1.1121
72,2.409990632318501,49.6917,35.5287,15.3089,49.0036,76.1228,1.3770
73,2.443462724434036,50.3063,35.5287,15.4496,50.9183,78.8425,0.9162
74,2.4769348165495706,51.2335,35.5287,15.6107,52.9158,78.7941,1.0021
75,2.5104069086651055,52.2049,35.5287,15.4623,54.7457,79.6904,0.8549
76,2.54387900078064,53.0997,35.5287,15.5329,56.8215,80.5906,0.8224
77,2.577351092896175,49.9850,35.5287,48.0361,66.5110,58.1679,1.1420
78,2.6108231850117094,50.0086,35.5287,47.8533,66.4320,57.4120,1.2755
79,2.6442952771272443,62.3625,35.5287,41.6248,66.3470,58.1728,1.1811
80,2.6777673692427792,63.0206,35.5287,42.2252,66.2656,58.1752,1.3137
81,2.7112394613583137,63.7023,35.5287,42.5927,66.9241,51.5492,1.4796
82,2.7447115534738487,50.0431,35.5287,47.4690,67.7200,52.9509,1.0585
83,2.778183645589383,50.2114,35.5287,47.0947,67.5564,52.9560,1.1973
84,2.811655737704918,65.7432,35.5287,43.4752,67.9803,52.9428,0.8971
85,2.845127829820453,66.2512,35.5287,44.6331,69.0243,59.6295,1.0562
86,2.8785999219359875,67.1937,35.5287,44.1654,68.7324,60.4160,1.7438
87,2.9120720140515224,51.8986,35.5287,46.7739,67.1605,58.9132,0.9226
88,2.945544106167057,68.5503,35.5287,45.1533,66.3258,52.2785,1.4980
89,2.979016198282592,53.6513,35.5287,46.9961,67.7207,52.2346,1.0603
90,3.0124882903981263,54.5025,35.5287,47.1459,68.4792,53.6495,0.5749
91,3.045960382513661,70.7823,35.5287,44.9212,68.6011,53.6457,0.6101
92,3.079432474629196,71.3850,35.5287,45.3527,69.3193,59.6208,0.5964
93,3.1129045667447306,72.1514,35.5287,44.5409,69.0485,51.4819,0.9848
94,3.1463766588602655,72.8584,35.5287,44.7386,73.5473,59.4964,0.9877
95,3.1798487509758,73.7505,35.5287,44.4433,73.5442,59.4965,0.9933
96,3.213320843091335,74.2789,35.5287,45.1761,74.3516,59.4728,0.8040
97,3.24679293520687,75.2370,35.5287,44.6666,69.0087,69.4189,1.1514
98,3.2802650273224043,76.3528,35.5287,43.6720,69.0791,69.4170,1.0425
99,3.3137371194379392,77.3157,35.5287,43.1505,69.3692,70.2720,0.9457
100,3.3472092115534737,78.3465,35.5287,42.7215,69.4897,70.2689,0.9448
101,3.3806813036690087,79.0774,35.5287,42.9254,69.5907,70.2662,0.9917
102,3.414153395784543,64.5216,35.5287,50.0201,70.0422,71.1249,0.8919
103,3.447625487900078,65.2720,35.5287,49.8720,70.1626,71.1217,0.9004
104,3.481097580015613,66.1225,35.5287,49.7288,70.3385,71.1171,0.9742
105,3.5145696721311475,66.8378,35.5287,49.3643,70.5767,71.1108,1.0329
106,3.5480417642466824,67.6490,35.5287,49.1233,70.8998,71.1024,1.1499
107,3.581513856362217,83.2221,35.5287,42.7244,71.0939,70.2264,1.4411
108,3.614985948477752,83.8498,35.5287,42.2755,72.1082,72.8364,1.1123
109,3.6484580405932867,69.6587,35.5287,48.7009,72.7095,72.8209,1.2716
110,3.681930132708821,84.6537,35.5287,42.6185,73.6927,73.6908,1.2141
111,3.715402224824356,85.0581,35.5287,42.4987,74.7588,74.5673,1.1926
112,3.7488743169398906,85.5338,35.5287,42.6377,75.9885,75.4483,1.1996
113,3.7823464090554255,85.9433,35.5287,43.1954,77.6184,76.3285,1.1908
114,3.81581850117096,86.6706,35.5287,42.5027,79.4527,77.2129,1.2378
115,3.849290593286495,87.1340,35.5287,42.9974,81.0468,77.1739,1.3290
116,3.88276268540203,87.5996,35.5287,43.2256,82.5354,77.1374,1.3920
117,3.9162347775175643,87.9433,35.5287,44.2795,84.6548,78.9737,1.1721
118,3.9497068696330992,88.1087,35.5287,45.0067,86.4950,79.8874,1.2259
119,3.9831789617486337,88.4962,35.5288,44.9382,80.9931,19.0856,2.2308
120,4.016651053864169,88.8290,35.5287,45.0409,79.4869,19.6251,1.4428
121,4.050123145979703,89.1645,35.5287,44.9075,79.9412,20.0884,0.9712
122,4.0835952380952385,89.3489,35.5287,45.1466,80.0379,20.0845,0.9505
123,4.117067330210773,89.5912,35.5287,45.0076,79.9471,20.0881,0.9943
124,4.1505394223263075,90.1264,35.5287,43.6367,79.9347,20.0886,0.9952
125,4.184011514441842,90.1527,35.5287,43.6412,79.7081,19.6161,1.1228
126,4.217483606557377,90.0016,35.5287,44.4258,79.8657,20.0914,1.0007
127,4.250955698672912,90.3105,35.5287,43.9437,80.0593,20.0836,0.9248
128,4.284427790788446,90.5544,35.5287,43.5949,80.2150,20.5623,0.8056
129,4.317899882903982,90.7577,35.5287,43.7193,80.3037,20.5587,0.8179
130,4.351371975019516,90.9110,35.5287,43.5632,75.8803,37.5247,1.5727
131,4.384844067135051,91.0335,35.5287,43.8826,75.9887,38.1266,1.4400
132,4.418316159250585,91.4547,35.5287,43.1689,76.1490,38.1210,1.4093
133,4.45178825136612,91.8824,35.5287,43.0922,76.1624,37.5147,1.5410
134,4.485260343481655,92.4573,35.5287,42.6758,76.1398,38.1213,1.4395
135,4.518732435597189,92.7148,35.5287,42.7277,76.0723,39.3490,1.2954
136,4.552204527712725,93.3717,35.5287,42.1779,76.0682,40.5928,1.2174
137,4.585676619828259,93.6985,35.5287,42.2519,76.1359,41.2194,1.1258
138,4.619148711943794,94.1483,35.5287,42.0746,76.1372,40.5904,0.8554
139,4.652620804059329,94.3918,35.5287,43.0784,76.2923,41.2140,1.1361
140,4.686092896174864,94.6468,35.5287,43.4658,76.2001,40.5882,1.2394
141,4.719564988290398,94.9947,35.5287,43.4998,76.2686,40.5859,1.2634
142,4.7530370804059325,95.3607,35.5287,43.4993,76.5863,39.9506,1.3915
143,4.786509172521468,95.7862,35.5287,43.5290,76.5468,38.1069,1.7494
144,4.819981264637002,96.2414,35.5287,43.1863,87.7104,51.6052,1.2127
145,4.853453356752537,96.5628,35.5287,43.6162,82.2680,25.5146,1.3085
146,4.886925448868072,97.3369,35.5287,42.2832,82.6644,28.6895,0.6700
147,4.920397540983607,97.7068,35.5287,42.3840,82.4503,28.1567,0.8004
148,4.953869633099141,98.1815,35.5287,41.9134,80.8053,24.0256,0.6650
149,4.987341725214676,98.6327,35.5287,42.1067,79.8306,20.5777,1.2936
150,5.020813817330211,99.5839,35.5287,40.6033,79.4473,19.6267,1.6989
151,5.0542859094457455,99.6392,35.5287,40.6948,79.2969,19.6327,1.8440
152,5.08775800156128,99.6176,35.5287,41.6772,79.1344,19.6393,2.0109
153,5.121230093676815,99.5958,35.5287,42.1527,79.1002,19.6407,2.0952
154,5.15470218579235,99.5857,35.5287,42.2662,79.1840,20.1189,2.0795
155,5.188174277907884,99.4567,35.5287,42.5483,79.2229,20.1173,2.0265
156,5.221646370023419,99.1847,35.5287,43.0505,90.8283,54.4260,0.8347
157,5.255118462138954,98.8876,35.5287,43.2564,90.7560,53.6896,0.9769
158,5.288590554254489,98.7594,35.5287,42.9084,90.7325,53.6903,0.9631
159,5.322062646370023,98.1865,35.5287,43.8626,90.1102,54.4481,0.8995
160,5.3555347384855585,97.8092,35.5287,43.4794,89.9065,54.4543,0.9811
161,5.389006830601093,97.3030,35.5287,43.6311,77.4046,22.6457,1.7386
162,5.4224789227166275,96.7248,35.5288,44.0848,77.3024,22.6497,1.8581
163,5.455951014832163,96.1185,35.5287,44.1581,76.5520,22.6794,2.8892
164,5.489423106947697,95.4363,35.5287,45.6164,76.3643,22.6868,3.1014
165,5.522895199063232,94.8512,35.5287,44.8966,76.3800,22.6862,2.9534
166,5.556367291178766,94.1997,35.5287,45.3684,76.4000,22.6854,2.9037
167,5.589839383294302,82.3295,35.5287,47.5535,77.1153,23.1580,2.2523
168,5.623311475409836,93.0652,35.5288,45.9070,79.3277,21.0859,2.1981
169,5.656783567525371,92.4388,35.5287,46.0047,79.5221,21.5694,2.0674
170,5.690255659640906,91.6720,35.5288,45.9582,80.0996,23.0403,1.5601
171,5.72372775175644,87.3865,35.5287,17.7165,80.6375,26.1000,0.9956
172,5.757199843871975,90.2028,35.5287,44.3190,82.6769,29.7825,1.2658
173,5.790671935987509,89.4319,35.5287,44.0940,83.0556,30.3208,1.1367
174,5.824144028103045,88.5868,35.5287,43.6776,82.5839,29.7860,1.4319
175,5.857616120218579,87.5779,35.5287,44.2904,82.1772,26.5667,1.6487
176,5.891088212334114,86.5098,35.5287,44.2533,82.0913,26.5700,1.8942
177,5.924560304449649,85.6643,35.5287,44.1713,82.8874,29.2259,1.0423
178,5.958032396565184,84.9020,35.5287,43.8506,84.8497,14.7543,0.8258
179,5.991504488680718,84.0073,35.5287,44.6945,89.0326,16.4077,1.1925
180,6.0249765807962525,83.4159,35.5287,44.7650,90.2166,3.6961,0.9730
181,6.058448672911788,82.9410,35.5287,44.5272,90.2227,3.6958,0.8740
182,6.091920765027322,82.4661,35.5287,44.7025,90.2693,3.6937,0.8470
183,6.125392857142857,82.3057,35.5287,43.9178,88.7119,0.3906,1.6624
184,6.158864949258392,82.1255,35.5287,43.7989,88.3718,0.4061,1.7210
185,6.192337041373927,73.2860,35.5287,17.4061,88.9014,0.0180,1.7775
186,6.225809133489461,71.9108,35.5287,17.1414,87.8908,0.7941,1.3831
187,6.259281225604997,71.1363,35.5287,16.8109,86.7413,5.0149,0.6506
188,6.292753317720531,70.7430,35.5287,17.1585,86.8126,5.0118,0.5970
189,6.3262254098360655,81.5051,35.5287,43.8639,86.6651,4.6281,0.6749
190,6.3596975019516,81.3697,35.5287,43.4684,86.6946,4.6268,0.5612
191,6.393169594067135,80.9071,35.5287,43.7450,86.2448,3.1091,1.0234
192,6.42664168618267,80.9785,35.5287,42.1268,86.4831,3.8628,0.7240
193,6.460113778298204,80.2382,35.5287,41.9801,86.6092,4.2428,0.5634
194,6.49358587041374,79.3666,35.5287,42.1072,86.4774,3.8631,0.6533
195,6.527057962529274,78.1954,35.5287,42.7475,86.5184,3.8612,0.6405
196,6.560530054644809,76.9580,35.5287,43.2489,86.4975,3.8622,0.6073
197,6.594002146760343,75.8162,35.5287,44.4952,87.3434,0.4530,1.5529
198,6.6274742388758785,62.6970,35.5287,48.3327,73.8170,-1.4252,0.5387
199,6.660946330991413,62.1120,35.5287,48.2363,71.4112,28.5762,1.7378
200,6.6944184231069475,61.4346,35.5287,48.0669,71.2594,28.0464,1.9422
201,6.727890515222483,71.8522,35.5287,45.1424,71.2558,28.0466,1.8647
202,6.761362607338017,70.9103,35.5287,44.2391,71.1162,28.0519,1.9269
203,6.794834699453552,70.3351,35.5287,46.6763,65.1555,17.3908,1.4984
204,6.828306791569086,69.4613,35.5287,46.3714,64.8598,15.5874,1.6599
205,6.861778883684622,68.4833,35.5287,46.4663,66.2592,15.9788,0.6734
206,6.895250975800156,67.7299,35.5287,46.0533,62.1287,15.7012,1.2536
207,6.928723067915691,66.7042,35.5287,46.2444,62.0931,15.2564,1.3140
208,6.962195160031226,65.7163,35.5287,15.3145,59.1466,-4.7858,0.8016
209,6.99566725214676,65.1001,35.5287,15.4075,59.1981,-4.7882,0.7888
210,7.029139344262295,65.4018,35.5287,46.1618,61.5842,14.3936,1.6538
211,7.062611436377829,62.9835,35.5287,16.5120,61.7218,17.5321,0.9020
212,7.096083528493365,64.7497,35.5287,44.1567,61.5656,14.8350,1.6351
213,7.129555620608899,60.3682,35.5287,17.4664,60.7506,26.3481,0.7113
214,7.163027712724434,58.9402,35.5287,17.6276,60.4290,24.8236,0.9214
215,7.196499804839969,63.7757,35.5287,42.9484,60.7555,26.3479,0.8989
216,7.229971896955504,54.6632,35.5287,17.9100,60.8555,26.3440,0.8808
217,7.263443989071038,53.3096,35.5287,17.3854,68.9854,57.3353,1.2073
218,7.296916081186573,52.1914,35.5287,16.8582,68.4785,57.3505,1.3066
219,7.330388173302108,61.4184,35.5287,44.8581,68.4290,57.3520,1.3041
220,7.363860265417642,45.7856,35.5287,48.2431,69.5754,57.3176,0.6704
221,7.397332357533177,45.2096,35.5287,48.1690,68.2233,56.6058,1.5183
222,7.430804449648712,48.1209,35.5287,15.3520,68.3700,57.3538,1.3896
223,7.464276541764247,47.3816,35.5287,16.3217,68.2931,57.3561,1.5183
224,7.497748633879781,46.6235,35.5287,16.4289,68.1330,58.1195,1.4965
225,7.531220725995317,46.0449,35.5287,15.8980,67.4372,58.9050,1.6804
226,7.564692818110851,45.8263,35.5287,15.5618,67.4727,58.9040,1.7304
227,7.5981649102263855,45.3311,35.5287,16.2799,67.5775,58.1361,1.7062
228,7.63163700234192,44.9117,35.5287,16.5261,67.4343,58.1404,1.7533
229,7.665109094457455,44.8366,35.5287,16.3536,67.4759,58.1391,1.7536
230,7.69858118657299,44.2595,35.5287,15.9800,67.8523,55.8710,1.9034
231,7.732053278688524,43.7868,35.5287,15.3915,67.4260,55.8840,2.0799
232,7.76552537080406,37.7386,35.5287,49.0591,68.0227,56.6119,1.7543
233,7.798997462919594,37.0385,35.5287,49.2785,68.0881,56.6099,1.7459
234,7.832469555035129,48.2548,35.5287,44.4151,67.8495,55.8711,1.9576
235,7.865941647150663,41.2810,35.5287,14.9473,67.8914,58.1267,1.6922
236,7.8994137392661985,45.9770,35.5287,46.7130,67.8160,58.1290,1.7015
237,7.932885831381733,44.1692,35.5287,47.3784,68.4384,58.8754,1.4886
238,7.9663579234972675,43.2988,35.5287,47.2230,68.3523,58.8779,1.5845
239,7.999830015612803,42.3657,35.5287,47.6157,67.6274,58.8994,1.9033
240,8.033302107728337,41.7924,35.5287,48.7915,68.3657,58.1125,1.6914
241,8.066774199843872,41.2529,35.5287,49.5343,68.5759,59.6427,1.5106
242,8.100246291959406,40.7971,35.5287,49.4093,68.1587,58.1187,1.8419
243,8.13371838407494,39.9785,35.5287,49.0690,67.7463,59.6671,1.9084
244,8.167190476190477,39.4759,35.5287,48.0193,67.6078,58.9000,2.0333
245,8.200662568306011,39.2452,35.5287,47.1959,67.3345,58.9081,2.1994
246,8.234134660421546,39.0492,35.5287,15.3186,67.3058,59.6801,2.2847
247,8.26760675253708,38.5494,35.5287,15.3037,68.2135,66.0648,1.4052
248,8.301078844652615,38.1300,35.5287,15.7681,68.3181,66.8947,1.3302
249,8.33455093676815,37.5768,35.5287,16.0190,68.2450,66.8967,1.4165
250,8.368023028883684,37.0521,35.5287,16.4645,68.5884,67.7275,1.2705
251,8.40149512099922,36.2233,35.5287,17.2857,68.5566,67.7283,1.3025
252,8.434967213114755,35.5855,35.5287,17.9807,68.4125,67.7323,1.3970
253,8.468439305230289,35.2239,35.5287,17.8286,67.8407,63.6196,1.8579
254,8.501911397345824,34.6436,35.5287,18.1134,67.9065,64.4292,1.7598
255,8.535383489461358,34.0570,35.5287,18.6079,68.3446,67.7341,1.4235
256,8.568855581576893,33.6896,35.5287,18.3507,68.4899,67.7302,1.3083
257,8.602327673692427,33.2552,35.5287,17.9460,57.1533,34.0919,0.8530
258,8.635799765807963,32.8653,35.5287,17.5352,57.4040,34.0828,0.8197
259,8.669271857923498,32.4414,35.5287,17.3631,56.8847,34.1018,0.8188
260,8.702743950039032,22.0577,35.5287,47.0035,43.5255,-15.7422,3.1349
261,8.736216042154567,22.1015,35.5287,46.8395,43.5263,-15.7422,3.2278
262,8.769688134270101,22.1814,35.5287,46.8149,43.6243,-15.7472,2.5357
263,8.803160226385636,22.3559,35.5287,46.8125,43.5943,-15.4813,2.9531
264,8.83663231850117,22.5319,35.5287,46.7273,43.5894,-15.4810,3.0162
265,8.870104410616706,22.7308,35.5287,46.6371,43.6174,-15.4824,2.8464
266,8.90357650273224,22.9626,35.5287,46.6453,43.6641,-15.4848,2.3783
267,8.937048594847775,23.2009,35.5287,46.7681,43.6501,-15.7485,2.4085
268,8.97052068696331,23.4404,35.5287,46.7818,43.6505,-15.7485,2.4027
269,9.003992779078844,23.6998,35.5287,46.9662,43.6391,-15.7479,2.3452
270,9.037464871194379,23.7575,35.5287,47.0440,43.6694,-15.7495,2.2014
271,9.070936963309913,23.9318,35.5287,47.2623,43.6512,-15.7485,2.4585
272,9.10440905542545,24.2878,35.5287,47.4827,43.5172,-15.7417,3.7044
273,9.137881147540984,24.3947,35.5287,47.8713,43.6555,-15.7488,2.4990
274,9.171353239656518,23.1324,35.5287,15.2531,43.5142,-15.7416,3.9292
275,9.204825331772053,23.2283,35.5287,15.1811,43.5159,-15.7417,3.6694
276,9.238297423887587,25.2695,35.5287,48.2713,43.5759,-12.2032,2.8948
277,9.271769516003122,25.9007,35.5287,48.5836,43.4892,-15.4759,3.6544
278,9.305241608118658,23.6850,35.5287,15.1525,43.5101,-15.4770,3.6269
279,9.338713700234193,24.0849,35.5287,15.7512,43.5286,-15.4779,3.5822
280,9.372185792349727,24.5330,35.5287,16.2322,43.5195,-15.4775,3.6795
281,9.405657884465262,24.9291,35.5287,16.2389,43.5340,-15.4782,3.6207
282,9.439129976580796,25.6036,35.5287,16.7856,43.5409,-15.4786,3.5055
283,9.47260206869633,26.0914,35.5287,16.4093,43.5193,-15.4775,3.7402
284,9.506074160811865,26.8633,35.5287,16.3600,43.5232,-15.4777,3.6792
285,9.539546252927401,27.7127,35.5287,16.1622,43.6421,-15.2180,2.3269
286,9.573018345042936,29.3034,35.5287,16.5400,43.6529,-15.2185,2.2351
287,9.60649043715847,30.2656,35.5287,16.6733,43.6558,-15.4844,2.2957
288,9.639962529274005,30.8651,35.5287,17.3029,43.6994,-15.2209,2.1778
289,9.67343462138954,32.0596,35.5287,16.9514,43.6972,-15.2208,2.5336
290,9.706906713505074,32.7931,35.5287,17.4479,43.7003,-15.2209,2.3909
291,9.740378805620608,33.7301,35.5287,17.7504,43.6896,-15.2204,2.4569
292,9.773850897736144,34.2500,35.5287,16.7661,43.6945,-15.2206,2.3492
293,9.807322989851679,34.8452,35.5287,17.4009,43.6760,-15.4854,2.4526
294,9.840795081967213,35.7830,35.5287,17.9658,43.6557,-15.2187,2.3905
295,9.874267174082748,36.4845,35.5287,18.0399,43.5590,-15.2138,3.6352
296,9.907739266198282,37.2151,35.5287,17.9102,43.5548,-15.2136,3.5810
297,9.941211358313817,37.7984,35.5287,18.2207,43.5849,-14.9481,3.5216
298,9.974683450429351,38.9928,35.5287,18.3289,43.6007,-15.2159,3.3143
299,10.008155542544888,40.2876,35.5287,18.4530,43.6642,-14.9521,3.0348
300,10.041627634660422,37.2687,35.5287,47.5983,43.7185,-14.9548,2.3923
301,10.075099726775957,37.9071,35.5287,47.6139,43.7064,-14.9542,2.1614
302,10.108571818891491,38.5460,35.5287,47.5432,43.6907,-14.9534,2.4084
303,10.142043911007026,42.7791,35.5287,16.9268,43.6510,-14.9514,2.4822
304,10.17551600312256,43.3224,35.5287,17.2047,43.5266,-14.9452,3.7652
305,10.208988095238094,43.9356,35.5287,16.5253,43.5366,-14.9457,3.7167
306,10.24246018735363,44.4104,35.5287,16.3574,43.5722,-14.9474,3.4637
307,10.275932279469165,42.4954,35.5287,47.5435,43.6918,-14.9535,2.1383
308,10.3094043715847,52.9219,35.5287,48.3978,43.5727,-14.9475,3.5428
309,10.342876463700234,53.4674,35.5287,47.4966,43.6409,-14.9509,3.2336
310,10.376348555815769,53.3206,35.5287,47.4635,43.6603,-14.6836,3.3864
311,10.409820647931303,50.5047,35.5287,47.5806,43.6557,-14.4137,3.2477
312,10.443292740046838,50.6622,35.5287,47.4217,43.7577,-12.4929,1.9972
313,10.476764832162374,50.8455,35.5287,47.0017,43.7558,-12.4928,1.9389
314,10.510236924277908,50.8102,35.5287,46.6805,43.7019,-14.4160,2.4936
315,10.543709016393443,49.1128,35.5287,16.8991,43.7200,-14.4169,2.5042
316,10.577181108508977,50.1904,35.5287,16.9141,43.7069,-14.4162,2.5238
317,10.610653200624512,51.1036,35.5287,48.3677,43.5722,-14.1385,3.5404
318,10.644125292740046,49.2999,35.5287,49.8527,43.5578,-14.4087,3.6132
319,10.67759738485558,49.1337,35.5287,50.3983,43.5839,-14.1391,3.5901
320,10.711069476971117,53.4314,35.5287,49.0476,43.5996,-14.1398,3.6427
321,10.744541569086651,53.9754,35.5287,49.2397,43.7137,-14.1456,2.3873
322,10.778013661202186,54.4437,35.5287,49.4199,43.5557,-14.4086,3.5779
323,10.81148575331772,47.4335,35.5287,52.1920,43.5488,-14.4083,3.5865
324,10.844957845433255,55.2979,35.5287,49.5971,43.5339,-14.4075,3.7415
325,10.87842993754879,56.5579,35.5287,49.2073,43.6615,-14.1430,2.4147
326,10.911902029664326,58.0675,35.5287,47.9109,43.6823,-14.1440,2.2679
327,10.94537412177986,59.2073,35.5287,47.4755,43.6970,-14.1447,2.2792
328,10.978846213895395,60.2876,35.5287,47.3041,43.5349,-14.1366,3.7773
329,11.012318306010929,60.8394,35.5287,47.9767,43.7226,-13.8737,1.9260
330,11.045790398126464,61.5002,35.5287,47.8428,47.4558,-15.9413,1.7185
331,11.079262490241998,56.8156,35.5287,17.7596,47.4367,-15.9403,1.6964
332,11.112734582357533,56.8482,35.5287,18.1746,47.4116,-15.9391,1.7953
333,11.146206674473069,66.8136,35.5287,46.6298,67.6769,33.7066,0.4865
334,11.179678766588603,57.6190,35.5287,19.5515,62.6964,17.4920,1.8586
335,11.213150858704138,58.9710,35.5287,18.9491,69.0334,23.4768,2.3198
336,11.246622950819672,59.6689,35.5287,17.7975,68.8258,22.4888,1.7868
337,11.280095042935207,60.3270,35.5287,18.3014,69.4776,22.4629,0.7402
338,11.313567135050741,61.1496,35.5287,18.1513,69.8176,26.5176,0.8574
339,11.347039227166276,62.2664,35.5287,18.2728,69.9493,26.5125,0.7252
340,11.380511319281812,71.2660,35.5287,48.0546,69.0601,21.9863,1.1436
341,11.413983411397346,72.5988,35.5287,47.2527,69.1376,22.4764,1.2005
342,11.44745550351288,73.3168,35.5287,47.2645,69.2579,21.9785,0.8286
343,11.480927595628415,74.0386,35.5287,47.1397,65.8798,18.7541,1.4811
344,11.51439968774395,74.9148,35.5287,46.7549,66.8557,17.7822,1.5960
345,11.547871779859484,75.3611,35.5287,47.2145,67.0324,17.7750,1.2868
346,11.581343871975019,76.0339,35.5287,47.0880,66.0624,17.8148,1.6717
347,11.614815964090555,76.5653,35.5287,47.1843,66.0125,17.8169,1.4271
348,11.64828805620609,77.2795,35.5287,46.4640,66.3131,18.2689,0.7064
349,11.681760148321624,77.6121,35.5287,46.5655,74.5340,38.1780,1.3439
350,11.715232240437158,77.9957,35.5287,46.3522,73.5187,41.9428,0.9901
351,11.748704332552693,78.2595,35.5287,45.7668,73.4943,41.9436,1.1153
352,11.782176424668227,78.3271,35.5287,45.4866,75.5326,74.5477,1.1595
353,11.815648516783762,78.3104,35.5287,45.0699,75.5613,74.5470,1.1635
354,11.849120608899298,75.2160,35.5287,46.1188,75.7171,75.4551,1.0630
355,11.882592701014833,75.4548,35.5287,45.7200,75.6942,77.3049,0.8679
356,11.916064793130367,75.4766,35.5287,45.9861,75.6236,77.3067,0.8982
357,11.949536885245902,75.4867,35.5287,46.0233,75.6829,78.2426,0.8411
358,11.983008977361436,75.4688,35.5287,46.1044,75.6691,78.2430,0.8925
359,12.01648106947697,75.4397,35.5287,45.7526,75.6574,78.2432,0.9606
360,12.049953161592505,75.4103,35.5287,46.2865,75.8490,79.1847,0.8215
361,12.083425253708041,75.0853,35.5287,47.0798,76.0031,80.1360,0.7896
362,12.116897345823576,75.1500,35.5287,46.7865,75.9695,80.1368,0.8915
363,12.15036943793911,75.4648,35.5287,46.6832,76.0622,81.0986,0.8554
364,12.183841530054645,75.8563,35.5287,46.6912,76.3908,82.0640,0.7700
365,12.21731362217018,76.1318,35.5287,46.6728,76.6232,83.0410,0.7248
366,12.250785714285714,76.5421,35.5287,46.7904,76.6446,84.0322,0.6599
367,12.284257806401248,77.8674,35.5287,47.0096,76.7326,84.0302,0.7498
368,12.317729898516784,77.0351,35.5287,46.8927,76.9763,85.0259,0.7572
369,12.351201990632319,77.2340,35.5287,47.2819,75.9447,80.1374,1.6694
370,12.384674082747853,77.4473,35.5287,47.5051,76.3488,81.0919,1.6126
371,12.418146174863388,85.8798,35.5287,47.4479,78.3919,89.0981,0.7903
372,12.451618266978922,86.8212,35.5287,48.3252,78.8085,90.1404,0.7705
373,12.485090359094457,87.8456,35.5287,48.1596,79.2023,91.1938,0.6754
374,12.518562451209993,88.7691,35.5287,48.1810,80.2538,91.1721,0.7185
375,12.552034543325528,90.2347,35.5287,47.6258,80.6486,91.1639,0.7058
376,12.585506635441062,91.1186,35.5287,46.7156,81.3011,91.1505,0.6443
377,12.618978727556597,93.3146,35.5287,43.0953,81.8108,90.0776,0.6776
378,12.652450819672131,93.3040,35.5287,44.1009,82.6251,50.3440,1.0109
379,12.685922911787666,93.4495,35.5287,44.8386,82.4408,49.6477,1.1363
380,12.7193950039032,93.3220,35.5287,44.8697,82.3885,49.6493,1.1730
381,12.752867096018736,94.4153,35.5287,44.5230,82.3932,49.6492,1.1402
382,12.78633918813427,94.9889,35.5288,43.9345,82.4467,49.6475,1.1091
383,12.819811280249805,94.9638,35.5287,44.0017,82.3092,49.6519,1.0785
384,12.85328337236534,93.9714,35.5287,45.2263,82.1988,48.9588,1.2815
385,12.886755464480874,94.8869,35.5287,44.2512,82.3210,49.6515,1.2034
386,12.920227556596409,94.7334,35.5287,44.6310,82.3461,49.6507,1.2439
387,12.953699648711943,92.5254,35.5287,45.7234,82.3906,49.6493,1.2138
388,12.98717174082748,93.3835,35.5287,45.1559,82.4963,50.3481,1.1115
389,13.020643832943014,93.0645,35.5287,45.6224,82.5462,50.3465,1.1117
390,13.054115925058548,94.3011,35.5287,44.3115,85.3860,30.7905,0.8392
391,13.087588017174083,91.6037,35.5287,45.5377,85.3367,30.7924,0.9262
392,13.121060109289617,93.7960,35.5287,44.8742,86.5525,29.0877,0.5629
393,13.154532201405152,93.7091,35.5287,44.6969,85.6076,31.3431,0.7341
394,13.188004293520686,93.4614,35.5287,44.7182,74.7957,25.2861,0.6802
395,13.221476385636223,93.3225,35.5287,44.2610,78.1954,77.2437,0.7267
396,13.254948477751757,93.2188,35.5287,43.6458,78.3519,78.1780,0.6039
397,13.288420569867291,93.1456,35.5287,43.5200,78.2366,78.1808,0.7918
398,13.321892661982826,74.7628,35.5287,47.0325,78.1392,78.1831,0.8514
399,13.35536475409836,74.7420,35.5287,46.9373,78.3110,78.1790,0.6453
400,13.388836846213895,74.8649,35.5287,46.9574,78.1133,78.1837,0.9049
401,13.42230893832943,75.1133,35.5287,46.9762,78.4334,79.1228,0.7398
402,13.455781030444966,75.3362,35.5287,46.9826,78.4851,79.1216,0.6874
403,13.4892531225605,75.5041,35.5287,46.9471,78.4638,79.1221,0.7332
404,13.522725214676035,75.6085,35.5287,46.8242,78.4328,79.1228,0.7733
405,13.556197306791569,75.5657,35.5287,46.5973,77.6026,79.1427,0.9774
406,13.589669398907104,91.9189,35.5287,46.3822,78.4146,79.1233,0.8013
407,13.623141491022638,75.6840,35.5287,46.4220,78.5116,79.1209,0.7397
408,13.656613583138173,92.2817,35.5287,45.0848,78.3070,78.1791,0.8956
409,13.690085675253709,93.4313,35.5287,47.9986,78.4537,79.1223,0.8027
410,13.723557767369243,94.3859,35.5287,47.3060,78.4748,79.1218,0.8297
411,13.757029859484778,92.2476,35.5287,47.6764,78.6779,80.0727,0.7100
412,13.790501951600312,92.4783,35.5287,47.7162,76.1655,58.6463,0.8731
413,13.823974043715847,92.3224,35.5287,47.2821,76.1810,58.6459,0.8808
414,13.857446135831381,90.8438,35.5287,47.5624,76.4170,58.6389,0.8972
415,13.890918227946916,77.3345,35.5287,45.2732,76.4995,58.6364,0.9747
416,13.924390320062452,91.3238,35.5287,46.0975,78.3081,58.5828,1.0557
417,13.957862412177986,91.6572,35.5287,45.2843,78.6636,59.3459,0.8116
418,13.99133450429352,77.9282,35.5287,44.8298,78.9394,60.1179,0.6921
419,14.024806596409055,78.0530,35.5287,44.8076,73.1250,33.5070,0.9652
420,14.05827868852459,78.1835,35.5287,44.5886,72.8769,31.8153,1.0271
421,14.091750780640124,78.2204,35.5287,44.5938,73.1636,33.5056,0.7365
422,14.125222872755659,78.3036,35.5287,44.6449,72.9696,32.3748,0.8634
423,14.158694964871195,78.2850,35.5287,44.7059,72.9800,32.3744,0.8405
424,14.19216705698673,78.4022,35.5287,44.8132,72.7810,31.2600,0.9820
425,14.225639149102264,78.4862,35.5287,44.8460,72.7318,30.7069,0.9541
426,14.259111241217798,78.4830,35.5287,44.8968,72.7125,30.7077,0.9152
427,14.292583333333333,78.5781,35.5287,44.9063,72.6835,30.1578,1.4164
428,14.326055425448867,78.6603,35.5287,44.9056,72.6007,29.6138,1.6109
429,14.359527517564404,78.6817,35.5287,44.9617,72.6942,31.2633,1.2766
430,14.392999609679938,78.7230,35.5287,45.1229,72.5038,30.7155,1.2863
431,14.426471701795473,78.8212,35.5287,45.1276,72.1790,30.1767,1.3067
432,14.459943793911007,96.1203,35.5287,48.0110,72.0524,29.6344,1.4525
433,14.493415886026542,79.0280,35.5287,45.6241,72.0932,29.0897,1.3712
434,14.526887978142076,79.2202,35.5287,45.7107,72.1461,29.0877,1.4339
435,14.56036007025761,79.4979,35.5287,45.7480,71.5806,29.1091,1.3873
436,14.593832162373147,79.8578,35.5287,45.7595,71.7300,28.5641,1.6339
437,14.627304254488681,80.0797,35.5287,45.7790,71.3887,28.5771,0.8241
438,14.660776346604216,80.1910,35.5287,45.7526,71.4446,28.5749,1.4952
439,14.69424843871975,,,,71.3741,28.5776,1.4530
440,14.727720530835285,82.6197,35.5287,47.6235,71.3296,28.5793,0.8617
441,14.76119262295082,85.3151,35.5287,47.5704,71.3589,28.5782,1.3626
442,14.794664715066354,84.6685,35.5287,47.9890,71.3195,28.5797,0.8068
443,14.82813680718189,84.1248,35.5287,46.8768,71.2596,28.5820,0.8838
444,14.861608899297424,83.6473,35.5287,46.7951,71.3000,28.5804,1.2546
445,14.895080991412959,83.3685,35.5287,46.7073,71.2598,28.5820,1.2140
446,14.928553083528493,83.1684,35.5287,47.6669,71.1667,28.5855,0.7940
447,14.962025175644028,82.8499,35.5287,47.6893,71.0389,28.0549,0.8659
448,14.995497267759562,82.3724,35.5287,47.4204,71.1879,28.5847,0.7744
449,15.028969359875097,81.9687,35.5287,47.2784,71.1910,28.5846,0.7488
450,15.062441451990633,81.6869,35.5287,46.9967,71.3116,29.1193,0.6076
451,15.095913544106168,81.5707,35.5287,47.3985,71.2339,28.5829,0.6652
452,15.129385636221702,81.1670,35.5287,46.8394,71.1486,28.0507,0.7660
453,15.162857728337237,80.8523,35.5287,46.7260,82.6332,62.3927,0.6412
454,15.196329820452771,81.0190,35.5287,46.8633,82.5979,62.3937,0.6214
455,15.229801912568306,80.7533,35.5287,46.6603,82.8617,63.1941,0.5853
456,15.26327400468384,80.8338,35.5287,46.8770,82.8561,63.1942,1.6506
457,15.296746096799376,80.6076,35.5287,47.1127,82.6740,63.1994,0.6898
458,15.33021818891491,80.7197,35.5287,46.8837,81.4733,81.9463,1.0199
459,15.363690281030445,80.3236,35.5287,47.0196,81.4121,82.9313,2.3681
460,15.39716237314598,80.0014,35.5287,47.0370,84.3743,97.6915,1.8026
461,15.430634465261514,79.6665,35.5287,46.4843,84.3956,97.6910,1.7913
462,15.464106557377049,79.5470,35.5287,46.5046,84.5647,98.8278,1.6380
463,15.497578649492583,79.4142,35.5287,46.4366,84.6687,99.9775,1.5162
464,15.53105074160812,79.4797,35.5287,46.0740,85.2914,103.4934,1.2967
465,15.564522833723654,79.5859,35.5287,45.4788,85.7978,107.1239,0.9528
466,15.597994925839188,78.9129,35.5287,45.8986,78.3205,83.9943,1.2657
467,15.631467017954723,79.3202,35.5287,45.8659,78.6562,85.9996,1.1010
468,15.664939110070257,79.0261,35.5287,46.0941,78.5037,86.0030,1.0818
469,15.698411202185792,78.8874,35.5287,45.9701,77.9848,87.0353,1.1083
470,15.731883294301326,78.7804,35.5287,46.0341,78.7659,91.2028,0.6425
471,15.765355386416863,78.1434,35.5287,46.3778,80.6161,104.7725,0.6993
472,15.798827478532397,77.8693,35.5287,46.7235,79.3070,100.0749,0.9540
473,15.832299570647931,77.5484,35.5287,46.8606,80.3222,86.9844,1.3954
474,15.865771662763466,77.5445,35.5287,46.4547,81.0296,85.9473,1.5767
475,15.899243754879,77.4889,35.5287,47.0140,86.1446,107.1183,1.0640
476,15.932715846994535,77.2455,35.5287,47.2240,85.4047,107.1303,1.0493
477,15.966187939110071,77.0898,35.5287,48.0365,85.7612,107.1245,1.1430
478,15.999660031225606,76.6600,35.5287,48.4205,86.7823,110.8652,0.7886
479,16.03313212334114,75.8727,35.5287,48.3059,77.4199,34.5056,0.6297
480,16.066604215456675,75.0689,35.5287,49.5424,82.2078,31.4692,0.8659
481,16.10007630757221,74.1946,35.5287,50.3307,80.3424,33.8190,2.2291
482,16.133548399687744,73.4673,35.5287,50.4164,79.0018,34.4482,1.0499
483,16.167020491803278,73.1836,35.5287,50.3929,78.9477,35.6234,1.0749
484,16.200492583918813,72.6960,35.5287,50.2666,78.9585,34.4498,1.1200
485,16.233964676034347,72.0849,35.5287,50.1250,81.7809,53.2360,0.8838
486,16.26743676814988,71.6017,35.5287,50.0771,81.6903,53.2388,1.0007
487,16.300908860265416,71.1203,35.5287,50.0094,79.5701,35.0122,0.8005
488,16.334380952380954,70.2729,35.5287,49.7546,77.4726,34.5037,0.9520
489,16.36785304449649,69.8910,35.5287,49.6711,70.5368,78.3673,0.8378
490,16.401325136612023,69.4759,35.5287,49.4350,72.0634,121.6807,0.7902
491,16.434797228727557,69.7145,35.5287,49.6107,71.8393,121.6835,0.6999
492,16.468269320843092,69.4240,35.5287,49.4465,71.6399,121.6859,0.7278
493,16.501741412958626,71.6055,35.5287,20.1202,71.5637,121.6869,0.7266
494,16.53521350507416,69.7476,35.5287,48.5718,71.7202,123.0759,0.6801
495,16.568685597189695,69.8046,35.5287,48.5814,71.6197,123.0771,0.7107
496,16.60215768930523,69.7311,35.5287,48.8084,71.5696,123.0777,0.7454
497,16.635629781420764,69.4101,35.5287,48.9422,71.6641,124.4833,0.6450
498,16.6691018735363,68.7530,35.5287,49.1326,71.5564,124.4845,0.7293
499,16.702573965651833,61.7912,35.5287,21.0141,71.6240,125.9064,0.6609
500,16.736046057767368,72.3409,35.5287,48.6018,71.5846,125.9069,0.7727
501,16.769518149882906,62.7931,35.5287,49.7080,71.7322,127.3443,0.6495
502,16.80299024199844,62.5580,35.5287,49.6111,71.5494,127.3462,0.6802
503,16.836462334113975,72.4841,35.5287,47.5371,71.6080,127.3456,0.7526
504,16.86993442622951,72.4871,35.5287,47.4793,71.6134,127.3455,0.7287
505,16.903406518345044,72.4083,35.5287,47.5980,73.7085,118.9233,0.8318
506,16.936878610460578,72.6340,35.5287,46.8498,73.4525,117.5807,0.9181
507,16.970350702576113,72.7633,35.5287,46.7783,73.5786,117.5790,0.9206
508,17.003822794691647,72.9604,35.5287,46.6793,73.4238,117.5811,0.6882
509,17.03729488680718,73.2389,35.5287,46.5291,73.5694,117.5792,0.9882
510,17.070766978922716,73.5228,35.5287,46.3597,63.5369,78.5368,1.7185
511,17.10423907103825,73.8293,35.5287,46.1684,63.6556,79.4769,1.6820
512,17.137711163153785,74.1944,35.5287,45.9436,63.5561,78.5364,1.7107
513,17.17118325526932,74.5106,35.5287,45.6139,63.4565,78.5388,1.6538
514,17.204655347384854,61.8706,35.5287,20.2665,63.2673,77.6092,1.8805
515,17.238127439500392,62.1717,35.5287,19.8687,63.5139,79.4803,1.9019
516,17.271599531615927,75.8321,35.5287,44.8119,64.4570,86.3129,1.2631
517,17.30507162373146,62.8721,35.5287,20.1498,64.7859,87.3227,1.5351
518,17.338543715846995,76.5723,35.5287,45.2597,65.9079,77.5445,1.1086
519,17.37201580796253,77.0036,35.5287,45.2565,61.2378,38.6476,1.1747
520,17.405487900078064,77.3761,35.5287,45.2535,61.2564,38.6469,1.2571
521,17.4389599921936,77.7037,35.5287,45.3905,69.1613,81.2603,0.9297
522,17.472432084309133,65.5802,35.5287,21.4052,71.3526,97.9362,1.2993
523,17.505904176424668,65.9435,35.5287,21.2858,70.6752,83.1771,1.2941
524,17.539376268540202,66.4127,35.5287,21.2876,71.3019,83.1628,1.3811
525,17.572848360655737,78.9834,35.5287,45.5930,72.7057,84.1212,0.5807
526,17.60632045277127,79.2872,35.5287,45.5792,72.9356,84.1160,0.6616
527,17.639792544886806,79.5164,35.5287,45.2819,73.4867,84.1036,0.5587
528,17.67326463700234,79.8376,35.5287,45.3492,74.0058,88.1515,0.7176
529,17.70673672911788,80.0104,35.5287,45.4182,74.4101,85.0832,0.8479
530,17.740208821233413,80.0464,35.5287,45.8249,74.7722,85.0751,0.8459
531,17.773680913348947,80.3593,35.5287,45.0111,74.8603,85.0732,0.9036
532,17.80715300546448,80.4347,35.5287,45.1127,75.1395,87.0973,0.8272
533,17.840625097580016,80.5149,35.5287,44.7168,75.0827,87.0985,0.7993
534,17.87409718969555,80.5896,35.5287,44.5283,74.8709,88.1329,0.7496
535,17.907569281811085,80.6085,35.5287,44.5427,85.6827,136.2226,0.8124
536,17.94104137392662,80.6101,35.5287,44.5709,94.2907,106.9864,1.2760
537,17.974513466042154,80.6148,35.5287,44.5047,93.9385,106.9921,1.4446
538,18.00798555815769,80.5384,35.5287,44.6379,94.0277,108.2323,1.4429
539,18.041457650273223,80.4417,35.5287,44.6203,94.7960,108.2201,1.4952
540,18.074929742388758,69.6011,35.5287,49.8549,86.2449,71.5822,0.7986
541,18.108401834504292,80.2545,35.5287,44.8015,94.2964,108.2280,1.1864
542,18.141873926619827,68.4131,35.5287,49.8536,94.1933,108.2296,1.2315
543,18.175346018735365,67.8286,35.5287,49.8333,86.1164,71.5855,0.7794
544,18.2088181108509,79.7398,35.5287,44.7638,85.5660,71.5998,0.7465
545,18.242290202966434,79.4695,35.5287,44.8934,85.6450,71.5978,0.7471
546,18.275762295081968,79.0505,35.5287,45.3247,70.5829,33.6001,3.5346
547,18.309234387197503,78.6523,35.5287,45.3519,73.6648,35.2256,2.9224
548,18.342706479313037,78.2393,35.5287,45.0898,73.7243,35.8114,2.8354
549,18.37617857142857,77.8647,35.5287,45.0715,74.5876,51.3064,0.8809
550,18.409650663544106,77.1538,35.5287,46.1370,73.6527,45.8408,1.7992
551,18.44312275565964,76.2995,35.5287,46.3588,73.6825,45.8398,1.7815
552,18.476594847775175,75.6087,35.5287,46.3452,68.6964,44.6863,0.9259
553,18.51006693989071,74.7430,35.5287,46.5274,74.5589,51.3073,1.1090
554,18.543539032006244,73.7183,35.5287,46.7499,73.7347,46.5063,1.7588
555,18.57701112412178,72.8373,35.5287,46.8208,73.4503,44.5267,2.0944
556,18.610483216237316,72.0107,35.5287,46.5629,73.5374,44.5238,2.0513
557,18.64395530835285,71.1433,35.5287,46.4260,74.7177,52.0143,0.9773
558,18.677427400468385,70.3523,35.5287,46.2786,76.9159,64.9965,0.7739
559,18.71089949258392,69.6899,35.5287,46.4232,76.5762,65.0060,0.5800
560,18.744371584699454,68.9875,35.5287,46.8558,76.3650,64.1915,0.7971
561,18.77784367681499,68.4924,35.5287,47.0494,68.8461,47.3402,1.0680
562,18.811315768930523,68.1196,35.5287,46.7064,62.2116,48.2346,0.5611
563,18.844787861046058,60.7531,35.5287,24.3505,62.3361,48.2305,0.6228
564,18.878259953161592,59.4644,35.5287,24.1394,62.2755,48.2325,0.5514
565,18.911732045277127,58.5088,35.5287,24.1545,57.4617,46.3784,1.3651
566,18.94520413739266,57.2149,35.5287,23.6334,57.2574,47.0503,1.4667
567,18.978676229508196,56.0995,35.5287,22.9022,57.1972,46.3872,1.6274
568,19.01214832162373,55.4112,35.5287,23.0862,57.0175,47.7286,1.4730
569,19.045620413739265,54.6081,35.5287,23.8825,57.1303,47.7249,1.5363
570,19.079092505854803,53.6133,35.5287,23.3922,57.3182,47.0483,1.0012
571,19.112564597970337,53.2167,35.5287,23.0415,57.1186,44.4251,1.5000
572,19.14603669008587,52.8298,35.5287,23.2274,56.9975,47.0589,0.9705
573,19.179508782201406,52.6372,35.5287,23.6678,57.5095,47.0420,1.0039
574,19.21298087431694,52.4167,35.5287,23.6286,57.5343,47.7116,0.9199
575,19.246452966432475,52.0127,35.5287,23.0579,57.4533,47.0439,1.0526
576,19.27992505854801,51.5184,35.5287,22.4531,57.5231,47.0416,1.0374
577,19.313397150663544,51.1220,35.5287,22.2007,57.2268,47.7217,1.6079
578,19.34686924277908,58.0450,35.5287,46.5176,57.7995,47.7029,0.8911
579,19.380341334894613,50.4042,35.5287,23.1057,57.2249,47.0514,1.7120
580,19.413813427010147,50.5464,35.5287,22.7537,57.0595,47.0569,1.6482
581,19.447285519125682,43.7743,35.5287,51.0620,57.7045,47.7060,0.9242
582,19.480757611241216,43.1255,35.5287,51.0994,57.4656,47.7138,0.9689
583,19.51422970335675,42.4382,35.5287,51.0642,57.5873,56.1838,0.9338
584,19.54770179547229,52.5682,35.5287,48.1085,57.6520,56.9258,0.8916
585,19.581173887587823,51.6068,35.5287,47.5589,57.6402,56.9262,0.7886
586,19.614645979703358,51.4304,35.5287,47.9833,56.9117,56.2044,1.0418
587,19.648118071818892,50.9415,35.5287,48.0613,57.2247,48.3974,1.6324
588,19.681590163934427,50.4553,35.5287,47.9243,57.2249,47.7217,1.7325
589,19.71506225604996,48.5916,35.5287,22.7503,55.5057,60.0273,0.7792
590,19.748534348165496,48.3307,35.5287,22.5463,55.4487,60.0290,0.9319
591,19.78200644028103,47.9115,35.5287,22.8840,55.7709,60.0195,0.9699
592,19.815478532396565,47.5681,35.5287,22.8149,55.6481,59.2544,1.2472
593,19.8489506245121,47.1404,35.5287,22.9062,55.6087,59.2556,1.3748
594,19.882422716627634,46.6775,35.5287,23.0710,55.6434,59.2546,1.1755
595,19.915894808743168,46.0197,35.5287,23.5615,55.7726,60.0194,0.9246
596,19.949366900858703,45.3085,35.5287,23.4277,55.7612,60.0198,0.9790
597,19.98283899297424,44.2676,35.5287,24.6267,55.7865,60.0190,1.0732
598,20.016311085089775,30.2092,35.5287,50.0059,55.8630,60.0168,1.1278
599,20.04978317720531,30.2150,35.5287,21.8283,55.8626,60.0168,1.2293
600,20.083255269320844,29.9665,35.5287,21.9002,55.7968,60.0187,1.3605
601,20.11672736143638,29.7625,35.5287,22.1714,55.8256,60.0179,1.2728
602,20.150199453551913,29.5888,35.5287,22.4428,55.7612,60.7949,1.1348
603,20.183671545667448,29.5363,35.5287,22.2997,53.2561,61.6492,0.9309
604,20.217143637782982,29.3650,35.5287,22.3798,53.5359,62.4290,0.8484
605,20.250615729898517,29.2940,35.5287,22.1834,53.5840,62.4276,0.8116
606,20.28408782201405,29.1769,35.5287,22.6140,53.3922,60.8641,1.1347
607,20.317559914129586,28.9746,35.5287,22.7744,53.7820,61.6340,1.0311
608,20.35103200624512,28.8887,35.5287,22.8726,53.7262,61.6356,1.0459
609,20.384504098360654,28.7747,35.5287,22.7733,53.5429,61.6409,0.9301
610,20.41797619047619,23.0362,35.5287,49.9376,53.2087,60.8695,1.1551
611,20.451448282591727,22.6715,35.5287,49.8670,53.2419,61.6496,1.0457
612,20.48492037470726,33.2119,35.5287,51.1236,55.6807,60.0221,1.5727
613,20.518392466822796,32.4438,35.5287,49.6569,55.8098,60.0183,1.4300
614,20.55186455893833,27.7581,35.5287,23.1316,55.9966,62.3582,0.6475
615,20.585336651053865,27.4662,35.5287,23.0462,56.5366,68.0551,0.7618
616,20.6188087431694,27.1490,35.5287,23.4852,55.7792,62.3644,1.1974
617,20.652280835284934,27.0428,35.5287,23.2899,55.7985,61.5755,1.2051
618,20.68575292740047,26.4887,35.5287,23.1438,55.8805,61.5731,1.1133
619,20.719225019516003,25.8286,35.5287,23.3502,55.8825,61.5731,1.1039
620,20.752697111631537,28.8725,35.5287,47.7119,55.8848,61.5730,1.1167
621,20.786169203747072,24.7432,35.5287,23.3554,55.7284,61.5776,1.0482
622,20.819641295862606,23.6389,35.5287,23.4154,53.5679,63.2226,1.0060
623,20.85311338797814,22.9106,35.5287,23.6431,53.6150,63.2212,0.8930
624,20.886585480093675,22.4024,35.5287,23.8610,53.7056,64.0200,0.7807
625,20.920057572209213,21.9103,35.5287,23.9713,53.7100,64.0199,0.7660
626,20.953529664324748,21.1455,35.5287,23.7249,47.1665,1.5670,1.5157
627,20.987001756440282,20.2779,35.5287,23.7949,45.3444,-7.5962,1.8831
628,21.020473848555817,19.5277,35.5287,23.8640,45.2973,-8.5042,2.1437
629,21.05394594067135,18.8803,35.5287,23.6133,43.4866,-9.0148,3.5042
630,21.087418032786886,17.4894,35.5287,23.8880,43.4451,-8.7142,3.7491
631,21.12089012490242,16.7481,35.5287,23.7627,42.5778,-14.8973,3.8603
632,21.154362217017955,16.2285,35.5287,23.8269,42.5726,-15.1640,3.9464
633,21.18783430913349,15.7294,35.5287,23.5536,38.4942,0.5565,1.5825
634,21.221306401249024,15.2944,35.5287,23.5430,38.4859,0.5569,1.5311
635,21.254778493364558,15.5918,35.5287,51.4205,38.4859,0.5569,1.5311
636,21.288250585480093,14.8982,35.5287,23.5460,16.3781,-7.6921,1.6652
637,21.321722677595627,14.7773,35.5287,23.2354,16.2727,-6.7935,1.4806
638,21.35519476971116,14.7090,35.5287,23.4798,16.2460,-6.7922,1.3931
639,21.3886668618267,14.5575,35.5287,23.3705,16.1962,-6.4889,1.2324
640,21.422138953942234,14.4786,35.5287,23.3707,15.3677,-12.7221,1.3601
641,21.45561104605777,14.3462,35.5287,23.4125,15.4600,-13.5293,1.5909
642,21.489083138173303,14.3208,35.5287,23.4350,15.4737,-13.5300,1.6767
643,21.522555230288837,14.3090,35.5287,23.5138,15.6112,-14.5889,1.9711
644,21.556027322404372,14.0737,35.5287,23.0947,16.2253,-7.3884,1.2205
645,21.589499414519906,14.0022,35.5287,23.0477,-4.9409,64.8931,0.8194
646,21.62297150663544,14.0476,35.5287,23.2420,-4.8104,63.3327,0.8873
647,21.656443598750975,14.2928,35.5287,23.4323,-4.3998,60.2846,1.1834
648,21.68991569086651,14.2695,35.5287,23.4938,-4.4414,60.2859,1.0606
649,21.723387782982044,14.2100,35.5287,23.1133,-4.8205,61.0467,0.6652
650,21.75685987509758,14.2311,35.5287,23.1734,-4.8469,61.0474,0.7239
651,21.790331967213113,14.2342,35.5287,23.1692,-4.8438,61.0473,0.6833
652,21.82380405932865,21.8395,35.5287,51.7567,-4.4599,60.2864,1.0836
653,21.857276151444186,14.3561,35.5287,22.9596,-4.0341,60.2737,1.4943
654,21.89074824355972,14.3754,35.5287,22.9790,-3.1587,60.2476,2.7881
655,21.924220335675255,14.6092,35.5287,23.0610,-3.1829,60.2483,2.7515
656,21.95769242779079,14.6371,35.5287,23.0732,-3.3889,61.0042,2.5372
657,21.991164519906324,14.6788,35.5287,23.0273,-3.3978,61.0045,2.4967
658,22.024636612021858,14.6918,35.5287,22.9480,-3.7150,61.0139,2.5976
659,22.058108704137393,14.5882,35.5287,22.9911,-3.2677,60.2509,2.7630
660,22.091580796252927,14.6586,35.5287,23.4765,-6.0116,76.6064,1.0680
661,22.12505288836846,15.2674,35.5287,51.1853,-6.0116,76.6064,1.0680
662,22.158524980483996,15.6393,35.5287,51.3519,-6.0301,76.6068,1.1012
663,22.19199707259953,14.8268,35.5287,23.2559,-6.1697,77.5018,1.0292
664,22.225469164715065,16.4202,35.5287,51.7008,-6.0739,70.5872,1.5765
665,22.2589412568306,16.9329,35.5287,51.8255,-5.6871,70.5767,1.5667
666,22.292413348946138,17.5980,35.5287,52.0730,-6.1272,71.4259,1.3034
667,22.325885441061672,18.1857,35.5287,52.0901,-6.5261,78.4101,0.9759
668,22.359357533177207,18.9776,35.5287,52.1641,-6.3862,78.4067,0.9033
669,22.39282962529274,19.8554,35.5287,52.3164,-5.6283,69.7450,1.5608
670,22.426301717408275,20.8170,35.5287,52.2644,-5.9026,71.4199,1.3963
671,22.45977380952381,21.6436,35.5287,52.1909,-6.1775,71.4273,1.2302
672,22.493245901639344,22.4148,35.5287,52.0849,-3.8736,61.7745,2.5571
673,22.52671799375488,23.3793,35.5287,51.8875,-5.0885,71.3982,1.6948
674,22.560190085870413,24.2059,35.5287,51.5941,-5.0510,71.3972,1.6978
675,22.593662177985948,25.0499,35.5287,51.5097,-6.1937,77.5024,1.0238
676,22.627134270101482,32.9570,35.5287,48.8168,15.1029,1.2921,1.3347
677,22.660606362217017,33.6901,35.5287,49.8532,15.0900,1.2927,1.3131
678,22.69407845433255,34.6561,35.5287,49.7439,15.0899,1.2927,1.3387
679,22.727550546448086,35.5215,35.5287,50.0015,16.2399,-7.0913,1.4730
680,22.761022638563624,36.2421,35.5287,50.3993,16.2100,-7.0899,1.4135
681,22.79449473067916,29.2558,35.5287,24.4165,16.2179,-7.0902,1.4061
682,22.827966822794693,28.9310,35.5287,23.9110,16.2362,-7.0911,1.3994
683,22.861438914910227,29.4540,35.5287,23.1285,16.2472,-7.0917,1.4329
684,22.89491100702576,30.2422,35.5287,24.1578,16.8333,-7.1202,3.1507
685,22.928383099141296,31.1074,35.5287,22.9481,16.8616,-7.1215,3.2452
686,22.96185519125683,32.2383,35.5287,23.3636,16.8592,-7.1214,3.1440
687,22.995327283372365,33.2558,35.5287,24.3236,16.8578,-7.1214,3.2323
688,23.0287993754879,34.3646,35.5287,24.5038,16.8441,-7.1207,3.1736
689,23.062271467603434,35.6510,35.5287,24.8374,16.2044,-0.1189,1.5295
690,23.09574355971897,36.7605,35.5287,24.8256,16.1717,-0.1174,1.4902
691,23.129215651834503,37.7461,35.5287,24.3462,16.2387,-0.4558,1.7406
692,23.162687743950038,38.6958,35.5287,24.0451,16.2213,-0.4550,1.7376
693,23.196159836065572,40.1779,35.5287,50.4939,22.3418,103.4085,0.9268
694,23.22963192818111,40.9986,35.5287,50.3759,22.4078,104.5746,1.0550
695,23.263104020296645,41.8872,35.5287,50.1403,22.1720,110.6011,0.7682
696,23.29657611241218,42.7617,35.5287,49.8986,22.1263,114.3717,0.8761
697,23.330048204527714,43.4392,35.5287,49.7784,22.4146,119.5891,1.0547
698,23.363520296643248,45.1248,35.5287,49.2230,28.7063,96.5269,1.9199
699,23.396992388758783,45.7842,35.5287,49.2186,29.1415,112.9977,1.1416
700,23.430464480874317,46.4267,35.5287,49.0283,47.5922,124.7588,0.8853
701,23.46393657298985,46.8844,35.5287,48.9768,47.6411,123.3609,0.9379
702,23.497408665105386,47.3229,35.5287,48.6335,47.7229,123.3600,0.8363
703,23.53088075722092,47.3515,35.5287,48.0492,47.6359,121.9793,0.8581
704,23.564352849336455,45.5685,35.5287,22.7597,47.5972,120.6134,0.8823
705,23.59782494145199,46.3594,35.5287,22.8780,47.6574,120.6127,0.8296
706,23.631297033567524,47.6027,35.5287,22.6710,47.6003,119.2622,0.9076
707,23.664769125683062,48.8300,35.5287,23.1826,47.6497,119.2616,0.7921
708,23.698241217798596,52.4249,35.5287,22.9919,47.7084,117.9244,0.8556
709,23.73171330991413,51.6628,35.5287,48.3983,47.7671,117.9236,0.7796
710,23.765185402029665,54.7362,35.5287,21.9638,47.7474,116.6021,0.8861
711,23.7986574941452,55.8284,35.5287,21.4081,47.9015,116.6000,0.7820
712,23.832129586260734,56.6654,35.5287,21.1996,48.1105,115.2897,0.7919
713,23.86560167837627,57.3692,35.5287,20.8198,48.2834,113.9938,0.8962
714,23.899073770491803,58.0280,35.5287,20.5132,48.6654,115.2819,0.8347
715,23.932545862607338,58.8282,35.5287,20.4552,49.1901,116.5824,0.8537
716,23.966017954722872,59.5552,35.5287,20.3359,50.0235,117.8935,0.9417
717,23.999490046838407,59.0059,35.5287,46.8252,51.0102,119.2179,1.0829
718,24.03296213895394,59.9924,35.5287,47.0048,44.1312,83.7847,1.8083
719,24.066434231069476,61.0149,35.5287,47.2832,45.0779,95.1150,1.7991
720,24.09990632318501,60.7264,35.5287,19.8662,47.2229,99.5180,1.3237
721,24.133378415300548,60.9146,35.5287,19.7892,55.6354,36.4622,0.8183
722,24.166850507416083,60.2009,35.5287,20.3373,55.6867,36.4603,0.8633
723,24.200322599531617,60.7067,35.5287,19.9821,55.6702,35.8759,0.9187
724,24.23379469164715,61.1517,35.5287,19.7832,55.7059,35.8746,0.8683
725,24.267266783762686,66.5768,35.5287,46.2459,55.7957,35.8714,0.8381
726,24.30073887587822,61.7968,35.5287,19.9779,55.6080,35.8782,0.8431
727,24.334210967993755,68.2807,35.5287,46.5192,56.5255,35.8450,0.7320
728,24.36768306010929,68.9473,35.5287,46.8227,59.6258,30.6481,1.4692
729,24.401155152224824,69.5958,35.5287,47.0189,59.5702,30.6502,1.4417
730,24.43462724434036,70.4991,35.5287,46.5590,66.0191,34.9195,0.7445
731,24.468099336455893,70.7799,35.5287,46.8584,59.3555,16.7174,0.8143
732,24.501571428571427,71.3705,35.5287,46.6912,59.1704,16.2733,0.9646
733,24.535043520686962,72.5086,35.5287,46.0093,60.4542,16.2200,0.9175
734,24.568515612802496,72.2754,35.5287,46.5122,60.2042,30.0812,0.7437
735,24.601987704918034,73.0977,35.5287,46.1540,59.9342,30.0913,0.8343
736,24.63545979703357,73.3689,35.5287,46.2152,59.9946,30.6343,0.6997
737,24.668931889149103,73.9689,35.5287,46.0225,59.8941,30.6380,0.7229
738,24.702403981264638,74.7576,35.5287,45.4522,59.8356,30.0951,0.8419
739,24.735876073380172,75.3590,35.5287,45.0278,60.4251,15.3261,1.9788
740,24.769348165495707,75.9329,35.5287,44.7046,60.4288,15.3260,1.9285
741,24.80282025761124,76.7419,35.5287,44.1036,66.8197,19.1863,2.1028
742,24.836292349726776,77.2545,35.5287,44.0671,66.9823,19.6534,1.7467
743,24.86976444184231,77.8188,35.5287,43.7587,66.9027,19.6566,1.8001
744,24.903236533957845,78.4343,35.5287,43.6336,67.7168,20.5805,1.1100
745,24.93670862607338,78.9143,35.5287,43.7207,67.9286,20.0919,0.6439
746,24.970180718188914,79.8755,35.5287,46.9483,73.5604,22.7978,0.7711
747,25.003652810304448,80.5241,35.5287,47.3109,73.8450,22.7866,0.5037
748,25.037124902419986,74.5141,35.5287,18.7739,74.9298,24.7666,1.0279
749,25.07059699453552,74.7132,35.5287,18.3266,74.4966,24.7835,1.4803
750,25.104069086651055,74.9548,35.5287,18.3600,77.0110,22.1637,1.0931
751,25.13754117876659,75.9195,35.5287,18.1758,77.0163,22.1635,1.1048
752,25.171013270882124,81.7878,35.5287,47.3047,76.9833,22.1648,1.0962
753,25.20448536299766,82.0781,35.5287,47.1879,76.4057,22.1877,1.8493
754,25.237957455113193,82.1864,35.5287,46.9732,76.2851,22.1925,1.9518
755,25.271429547228728,82.2983,35.5287,46.8640,77.0426,27.2931,1.2257
756,25.304901639344262,82.2029,35.5287,46.7289,78.0655,21.1363,2.3204
757,25.338373731459797,82.8275,35.5287,46.8680,77.8995,21.1430,2.4381
758,25.37184582357533,82.7506,35.5287,46.6297,77.8950,20.6553,2.4416
759,25.405317915690866,82.6733,35.5287,46.5203,77.7521,19.2169,2.6155
760,25.4387900078064,82.5461,35.5287,46.4158,76.8615,21.6754,0.9795
761,25.472262099921934,82.4688,35.5287,46.3066,76.6282,21.1938,1.0835
762,25.505734192037472,82.4651,35.5287,46.3589,76.5905,21.1953,1.0864
763,25.539206284153007,82.3570,35.5287,46.1111,87.0052,40.8448,0.6018
764,25.57267837626854,82.6133,35.5287,45.9312,86.3611,40.2363,1.5600
765,25.606150468384076,83.9934,35.5287,42.9907,87.3647,43.4043,1.7098
766,25.63962256049961,84.8984,35.5287,43.2420,86.0816,39.6201,1.3794
767,25.673094652615145,85.8618,35.5287,42.8127,87.4736,46.0527,1.2219
768,25.70656674473068,74.8251,35.5287,16.7260,87.2601,45.3890,1.2808
769,25.740038836846214,87.4946,35.5288,42.8485,86.8166,43.4228,1.5421
770,25.77351092896175,88.4014,35.5287,42.2858,95.4811,47.8367,0.4616
771,25.806983021077283,88.8492,35.5287,42.4676,85.6327,36.5757,0.6662
772,25.840455113192817,89.3475,35.5287,42.6305,76.1200,15.1181,0.7681
773,25.87392720530835,92.0731,35.5287,41.1646,76.1242,15.1179,0.7237
774,25.907399297423886,92.6096,35.5287,40.8022,93.7580,44.5066,0.7583
775,25.94087138953942,92.8407,35.5287,40.8321,85.8642,35.9688,0.9006
776,25.97434348165496,92.8727,35.5287,40.7171,85.5078,35.9816,0.7014
777,26.007815573770493,92.8631,35.5287,40.4145,85.2159,34.2226,0.9774
778,26.041287665886028,92.5550,35.5287,40.3994,86.0484,42.7986,1.1222
779,26.074759758001562,92.4595,35.5287,39.6640,86.1091,42.7965,1.0083
780,26.108231850117097,91.9821,35.5287,39.5328,86.1422,43.4455,0.8715
781,26.14170394223263,91.5447,35.5287,39.3405,85.9253,42.8028,0.9545
782,26.175176034348166,90.9869,35.5287,39.3241,93.4094,41.9024,0.8045
783,26.2086481264637,90.4979,35.5287,38.6539,93.3447,41.9046,0.7730
784,26.242120218579235,74.2955,35.5287,14.6257,92.3611,43.2357,0.5147
785,26.27559231069477,74.1157,35.5287,14.4977,91.6732,39.4255,1.2590
786,26.309064402810304,73.8642,35.5287,15.0385,91.6241,38.1875,1.4130
787,26.342536494925838,73.4100,35.5287,15.0529,89.8148,38.2510,1.1121
788,26.376008587041373,73.0768,35.5287,14.9642,85.1289,40.9095,1.0286
789,26.409480679156907,72.9182,35.5287,15.1820,85.1211,40.2793,1.1784
790,26.442952771272445,72.7592,35.5287,15.2555,85.1538,40.2781,1.1674
791,26.47642486338798,72.5622,35.5287,15.2400,85.4427,41.5340,0.9598
792,26.509896955503514,86.6750,35.5287,40.6774,84.8094,40.2901,1.1702
793,26.54336904761905,86.4650,35.5287,40.7393,85.4530,43.4688,0.6665
794,26.576841139734583,84.2247,35.5287,43.2863,78.8633,55.5354,0.9443
795,26.610313231850117,86.0832,35.5287,40.8414,78.7674,55.5383,0.9562
796,26.643785323965652,85.9305,35.5287,41.1074,78.7492,55.5389,0.9528
797,26.677257416081186,85.6012,35.5287,41.3613,78.6175,55.5429,1.1220
798,26.71072950819672,83.2134,35.5287,43.7224,78.8451,56.2843,0.9908
799,26.744201600312255,85.0447,35.5287,42.1380,79.2808,55.5227,0.9695
800,26.77767369242779,82.2364,35.5287,44.3337,78.8223,56.2850,1.0262
801,26.811145784543324,81.6613,35.5287,44.2784,79.4634,56.2656,0.8271
802,26.84461787665886,81.3786,35.5287,44.6377,79.1183,56.2761,0.9876
803,26.878089968774397,80.8585,35.5287,44.7630,78.9087,56.2824,0.9637
804,26.91156206088993,80.4530,35.5287,45.4796,78.9202,56.2821,0.9265
805,26.945034153005466,80.2283,35.5287,45.4055,78.5234,56.2941,1.0614
806,26.978506245121,80.1066,35.5287,45.7222,78.5142,56.2943,1.1435
807,27.011978337236535,79.7761,35.5287,46.0718,78.8113,56.2854,1.0076
808,27.04545042935207,79.5341,35.5287,45.7972,78.4605,56.2960,1.2282
809,27.078922521467604,79.1896,35.5287,45.8297,78.4735,56.2956,1.2013
810,27.112394613583138,78.9363,35.5287,45.5153,78.3229,55.5519,1.2623
811,27.145866705698673,78.6926,35.5287,45.2937,78.3308,55.5516,1.2362
812,27.179338797814207,78.4128,35.5287,45.4332,78.8231,56.2850,0.9199
813,27.21281088992974,78.2624,35.5287,45.3481,78.4387,56.2966,1.3091
814,27.246282982045276,78.1174,35.5287,45.2230,78.2323,55.5546,1.3816
815,27.27975507416081,78.0741,35.5287,45.3277,78.3903,56.2981,1.3636
816,27.313227166276345,77.9883,35.5287,45.1076,78.7085,56.2885,1.1630
817,27.346699258391883,77.8838,35.5287,45.0203,78.6516,57.0447,0.9217
818,27.380171350507418,77.6279,35.5287,44.4983,78.4482,57.0508,1.1092
819,27.413643442622952,76.9568,35.5287,44.3068,79.6549,57.7756,0.7252
820,27.447115534738487,77.2654,35.5287,43.9911,79.3689,57.0231,0.9246
821,27.48058762685402,77.0380,35.5287,43.8372,79.4735,57.0200,1.1021
822,27.514059718969555,77.1257,35.5287,43.4409,79.7635,58.5397,0.8378
823,27.54753181108509,77.3343,35.5287,43.6309,79.7532,58.5400,0.8470
824,27.581003903200624,77.4760,35.5287,43.7966,78.5228,58.5765,1.2027
825,27.61447599531616,77.2862,35.5287,43.0244,79.6412,58.5433,0.8590
826,27.647948087431693,77.5893,35.5287,43.5002,79.6628,58.5427,0.8943
827,27.681420179547228,77.5011,35.5287,43.0720,78.6776,59.3455,1.2417
828,27.714892271662762,77.6845,35.5287,43.2804,78.8562,60.1203,1.1367
829,27.748364363778297,77.6093,35.5287,42.9863,78.8240,60.1213,1.1802
830,27.78183645589383,77.8847,35.5287,43.3780,79.2293,60.1094,0.8670
831,27.81530854800937,78.0175,35.5287,43.0258,79.1892,60.1106,0.8977
832,27.848780640124904,78.1371,35.5287,43.3931,79.3143,60.8938,0.7952
833,27.88225273224044,78.0763,35.5287,42.8944,79.5497,61.6805,0.7305
834,27.915724824355973,78.5134,35.5287,42.9951,79.3340,60.8932,0.8677
835,27.949196916471507,78.7059,35.5287,42.9195,79.3430,60.8929,0.8957
836,27.98266900858704,78.7568,35.5287,42.9042,79.6404,61.6779,0.7712
837,28.016141100702576,79.1697,35.5287,42.6909,79.5431,61.6807,0.8325
838,28.04961319281811,79.5663,35.5287,42.7381,79.5588,61.6802,0.8528
839,28.083085284933645,79.8235,35.5287,43.4241,79.7748,62.4743,0.7365
840,28.11655737704918,80.1788,35.5287,42.6961,78.0135,62.5246,1.1737
841,28.150029469164714,80.3692,35.5287,42.5929,79.4833,62.4827,0.7835
842,28.18350156128025,80.3435,35.5287,42.7002,79.4514,62.4836,0.7951
843,28.216973653395783,81.1163,35.5287,43.1574,79.5152,60.8879,0.9110
844,28.250445745511318,81.6084,35.5287,43.0802,79.7451,61.6748,0.7611
845,28.283917837626856,81.9901,35.5287,42.4178,79.8419,61.6721,0.8564
846,28.31738992974239,82.1239,35.5287,42.2365,70.8720,50.7186,2.1967
847,28.350862021857925,85.5694,35.5287,41.1163,70.9815,50.0152,2.3664
848,28.38433411397346,74.9487,35.5287,39.7338,71.2330,50.0071,2.0204
849,28.417806206088994,73.4608,35.5287,39.5221,71.5203,49.9979,1.9548
850,28.451278298204528,72.3948,35.5287,38.0543,71.8468,49.2928,1.8711
851,28.484750390320063,73.3686,35.5287,17.3287,72.3755,49.2758,1.7032
852,28.518222482435597,73.7131,35.5287,17.3678,72.8212,48.5721,1.2240
853,28.55169457455113,72.0897,35.5287,13.6078,68.3357,32.5459,1.1117
