frame,color,cx,cy,x,y,w,h,area
0,red,818.97,662.16,814,658,10,9,64
0,red,809.45,745.26,795,732,27,29,549
0,blue,552.56,684.93,540,673,24,23,449
0,blue,1392.04,689.25,1381,677,22,24,410
0,blue,227.67,889.29,224,881,8,15,89
1,red,754.09,461.43,751,451,7,21,77
1,red,809.13,745.30,795,733,27,28,565
1,blue,552.39,685.14,540,673,24,24,458
1,blue,1392.02,689.31,1381,677,22,24,415
1,blue,227.50,889.35,224,881,8,15,84
2,red,754.57,452.16,751,443,8,19,82
2,red,818.77,663.05,814,658,10,10,62
2,red,809.01,745.09,795,733,27,28,559
2,blue,552.38,685.24,540,673,24,24,462
2,blue,1391.95,689.43,1381,677,22,24,417
2,blue,227.28,889.84,224,883,7,13,74
3,red,753.05,455.46,751,442,5,29,94
3,red,817.97,663.27,814,659,9,9,64
3,red,808.98,745.25,795,733,27,28,561
3,blue,551.98,685.38,539,673,25,24,462
3,blue,1391.45,689.61,1380,678,23,23,415
3,blue,227.21,890.17,224,884,7,12,70
4,red,752.63,459.64,750,449,7,22,94
4,red,817.89,663.00,813,658,10,11,70
4,red,808.37,744.75,795,733,26,26,526
4,blue,551.82,685.87,539,674,25,23,457
4,blue,1391.43,689.61,1380,678,23,23,414
4,blue,227.06,890.32,224,884,7,12,66
5,red,752.33,459.00,749,449,8,22,100
5,red,816.04,662.82,811,658,12,11,85
5,red,808.84,745.45,794,733,28,29,563
5,blue,552.12,685.94,540,674,24,23,448
5,blue,1391.41,689.56,1380,678,23,23,417
5,blue,227.10,890.31,224,884,7,12,67
6,red,751.86,458.80,748,449,9,22,95
6,red,816.41,661.15,810,649,13,21,104
6,red,809.16,745.47,795,733,27,29,571
6,blue,552.40,685.87,540,674,24,23,447
6,blue,1391.51,689.75,1380,678,23,23,422
6,blue,227.54,889.38,224,881,8,15,85
7,red,750.02,459.95,746,449,9,22,115
7,red,808.98,745.45,795,731,27,31,606
7,blue,552.42,685.85,540,674,24,23,448
7,blue,1391.43,689.32,1380,677,23,24,420
7,blue,227.50,889.35,224,881,8,15,84
8,red,749.35,458.34,745,442,9,28,125
8,red,815.18,657.20,810,645,12,23,112
8,red,809.72,745.80,795,731,27,31,595
8,blue,552.76,685.83,540,674,25,23,449
8,blue,1391.70,689.65,1380,678,23,23,426
8,blue,227.50,889.35,224,881,8,15,84
9,red,748.35,455.10,745,441,8,29,141
9,red,809.43,745.29,795,730,27,31,610
9,blue,553.06,685.27,541,673,24,24,456
9,blue,1392.07,689.55,1380,678,24,23,422
9,blue,227.61,889.34,224,881,8,15,87
10,red,747.92,455.18,744,440,8,29,120
10,red,812.90,655.01,811,646,6,18,68
10,red,809.52,745.50,795,732,27,29,584
10,blue,553.13,685.15,541,673,24,24,453
10,blue,1392.20,689.45,1381,677,23,24,426
10,blue,227.67,889.29,224,881,8,15,89
11,red,746.17,453.73,744,446,6,17,63
11,red,910.53,612.68,908,607,7,12,60
11,red,809.94,745.17,796,730,26,31,599
11,blue,553.23,684.89,541,673,24,23,447
11,blue,1392.51,689.49,1381,677,23,24,423
11,blue,227.67,889.29,224,881,8,15,89
12,red,910.50,615.56,908,607,6,19,78
12,red,810.40,745.20,796,732,27,29,595
12,blue,553.37,684.92,541,673,24,23,441
12,blue,1392.92,689.46,1381,677,24,24,431
12,blue,227.67,889.29,224,881,8,15,89
13,red,742.22,454.48,740,445,5,21,69
13,red,814.46,655.66,809,642,14,28,195
13,red,809.85,744.79,795,730,27,31,574
13,blue,553.28,684.90,541,673,24,23,444
13,blue,1392.25,689.41,1381,677,23,24,423
13,blue,227.67,889.29,224,881,8,15,89
14,red,813.36,654.51,806,642,16,23,223
14,red,809.72,744.23,795,732,27,29,528
14,blue,553.22,684.90,541,673,24,23,447
14,blue,1392.28,688.89,1381,677,23,23,425
14,blue,227.67,889.29,224,881,8,15,89
15,red,812.67,657.94,805,642,17,28,224
15,red,809.34,744.23,795,732,27,29,549
15,blue,553.25,684.89,541,673,24,23,444
15,blue,1392.08,688.91,1381,677,23,23,422
15,blue,227.53,889.29,224,881,8,15,85
16,red,809.82,654.56,805,642,9,24,98
16,red,809.24,744.32,795,732,26,29,538
16,blue,552.98,684.90,541,673,24,23,449
16,blue,1392.02,688.85,1381,677,23,23,427
16,blue,227.57,889.33,224,881,8,15,86
17,red,813.78,647.18,808,641,12,13,88
17,red,812.32,664.68,807,661,11,9,71
17,red,809.16,744.06,795,732,26,29,540
17,blue,553.10,684.87,541,673,24,23,449
17,blue,1392.10,688.90,1381,677,23,23,426
17,blue,227.61,889.34,224,881,8,15,87
18,red,808.65,744.36,794,732,27,29,543
18,blue,553.02,684.94,541,673,24,23,449
18,blue,1392.06,688.94,1381,677,23,23,425
18,blue,227.55,889.63,224,882,8,14,83
19,red,897.30,614.35,894,609,7,13,60
19,red,808.72,744.72,794,732,27,29,554
19,blue,553.16,684.91,541,673,25,23,453
19,blue,1392.21,688.94,1381,677,23,23,421
19,blue,227.57,889.33,224,881,8,15,86
20,red,808.44,743.93,794,732,27,29,536
20,blue,553.17,684.85,541,673,24,23,447
20,blue,1392.12,688.85,1381,677,23,23,420
20,blue,227.67,889.29,224,881,8,15,89
21,red,807.85,743.88,793,732,28,29,529
21,blue,553.10,684.91,541,673,24,23,450
21,blue,1392.08,688.98,1380,677,24,23,426
21,blue,227.56,889.23,224,881,8,15,86
22,red,807.36,744.27,793,732,27,29,532
22,blue,553.10,684.91,541,673,24,23,450
22,blue,1392.20,688.94,1381,677,23,23,424
22,blue,227.53,889.29,224,881,8,15,85
23,red,807.38,744.35,793,731,27,30,536
23,blue,749.70,514.16,746,503,8,28,148
23,blue,553.18,684.99,541,673,25,23,454
23,blue,1392.27,689.02,1381,677,23,23,425
23,blue,227.53,889.29,224,881,8,15,85
24,red,807.14,743.73,794,731,26,26,506
24,blue,749.44,516.83,745,504,10,33,179
24,blue,871.11,547.21,868,541,6,16,70
24,blue,553.15,684.99,541,673,25,23,455
24,blue,1392.43,688.83,1381,677,23,23,418
24,blue,227.57,889.33,224,881,8,15,86
25,red,807.20,744.56,793,731,27,30,523
25,blue,750.78,513.48,747,505,11,24,137
25,blue,868.58,540.66,860,520,18,45,362
25,blue,854.32,587.74,847,578,14,19,115
25,blue,553.22,684.92,541,673,25,23,453
25,blue,1392.36,688.94,1380,677,24,23,426
25,blue,227.61,889.34,224,881,8,15,87
26,red,807.28,744.71,792,733,28,28,519
26,blue,752.21,516.01,748,505,11,26,146
26,blue,865.15,538.73,849,524,28,38,467
26,blue,854.25,588.32,846,579,15,18,91
26,blue,553.08,684.92,541,673,24,23,451
26,blue,1392.22,688.92,1380,677,24,23,425
26,blue,227.65,889.35,224,881,8,15,88
27,red,806.90,744.42,792,733,28,26,497
27,blue,752.63,515.80,749,506,10,24,143
27,blue,859.95,550.07,840,508,39,96,1698
27,blue,758.26,608.66,751,605,14,8,85
27,blue,553.14,684.91,541,673,24,23,447
27,blue,1392.01,688.83,1380,677,24,23,431
27,blue,227.65,889.35,224,881,8,15,88
28,red,806.04,743.89,792,733,28,26,468
28,blue,858.14,556.74,839,505,38,95,2327
28,blue,753.06,517.82,750,507,8,25,125
28,blue,553.13,684.94,541,673,24,23,449
28,blue,1392.35,688.85,1381,677,23,23,423
28,blue,227.65,889.35,224,881,8,15,88
29,red,806.32,744.92,793,733,27,27,502
29,blue,857.63,555.31,839,504,37,95,2270
29,blue,753.19,517.00,751,508,5,21,80
29,blue,553.17,684.85,541,673,24,23,448
29,blue,1392.37,688.73,1381,677,23,23,427
29,blue,227.61,889.34,224,881,8,15,87
30,red,806.35,744.64,790,732,30,29,553
30,blue,857.24,555.34,838,503,37,96,2113
30,blue,552.99,684.94,541,673,24,23,451
30,blue,1392.34,688.80,1381,677,23,23,426
30,blue,227.61,889.34,224,881,8,15,87
31,red,805.58,744.50,792,732,28,28,494
31,blue,858.47,556.17,838,504,37,96,1943
31,blue,553.23,684.89,541,673,24,23,445
31,blue,1392.22,688.78,1381,677,23,23,425
31,blue,227.65,889.35,224,881,8,15,88
32,red,805.33,744.63,792,732,28,29,528
32,blue,859.77,557.58,839,507,39,95,2009
32,blue,553.24,685.00,541,673,24,24,451
32,blue,1392.46,688.83,1381,677,23,23,425
32,blue,227.61,889.34,224,881,8,15,87
33,red,804.94,744.80,790,733,30,28,542
33,blue,863.38,561.97,843,507,34,97,1619
33,blue,553.04,684.97,541,673,24,23,452
33,blue,1392.15,688.93,1380,677,24,23,429
33,blue,227.61,889.34,224,881,8,15,87
34,red,805.24,745.49,792,733,28,28,501
34,blue,867.46,531.55,853,511,29,46,611
34,blue,863.46,589.43,842,573,36,34,692
34,blue,553.19,685.15,541,673,24,24,458
34,blue,1392.37,689.09,1381,677,23,23,421
34,blue,227.51,889.97,224,883,8,13,79
35,red,804.57,744.95,791,733,28,28,522
35,blue,868.08,558.06,844,517,40,91,1187
35,blue,553.10,684.93,541,673,24,23,453
35,blue,1392.19,688.89,1381,677,23,23,431
35,blue,227.58,889.40,224,881,8,15,86
36,red,686.32,479.92,679,473,17,13,114
36,red,804.26,745.11,790,734,29,28,533
36,blue,865.69,533.73,843,521,33,32,419
36,blue,870.22,582.92,858,557,26,49,604
36,blue,553.27,684.86,541,673,24,23,447
36,blue,1392.45,688.90,1381,677,23,23,425
36,blue,227.48,889.65,224,882,8,14,81
37,red,862.17,331.50,859,327,8,10,60
37,red,691.43,475.64,683,465,18,21,213
37,red,805.87,747.03,791,734,28,28,580
37,blue,873.61,565.72,864,525,20,72,845
37,blue,553.26,684.89,541,673,24,23,447
37,blue,1392.37,689.04,1381,677,23,23,422
37,blue,227.48,889.65,224,882,8,14,81
38,red,866.40,333.49,863,329,9,10,63
38,red,694.47,472.02,686,461,17,22,210
38,red,806.35,747.46,792,734,27,28,557
38,blue,874.52,538.41,869,527,11,25,182
38,blue,872.34,580.37,868,564,14,30,260
38,blue,552.98,684.93,541,673,24,23,449
38,blue,1392.36,689.01,1381,677,23,23,421
38,blue,227.43,890.00,224,883,8,13,77
39,red,871.01,335.38,867,331,10,10,71
39,red,698.18,468.22,691,457,15,21,199
39,red,807.26,747.57,792,735,27,27,508
39,blue,876.94,543.41,873,532,9,24,131
39,blue,875.51,582.02,868,573,16,21,271
39,blue,841.29,612.21,839,605,5,16,68
39,blue,553.04,685.11,541,673,24,24,461
39,blue,1392.28,689.10,1381,677,23,23,421
39,blue,227.46,889.95,224,883,8,13,78
40,red,875.94,335.61,872,331,10,10,70
40,red,702.13,460.52,695,446,14,27,230
40,red,808.19,746.48,799,733,19,27,440
40,blue,876.20,542.31,868,534,15,13,70
40,blue,851.84,547.41,841,544,19,9,86
40,blue,553.21,684.88,541,673,24,23,446
40,blue,1392.43,689.01,1381,677,23,23,423
40,blue,227.43,890.00,224,883,8,13,77
41,red,880.49,334.56,877,330,9,10,61
41,red,706.12,454.39,700,441,13,27,259
41,red,806.16,743.96,797,731,19,27,430
41,blue,553.08,684.95,541,673,24,23,451
41,blue,1392.45,689.02,1381,677,23,23,423
41,blue,227.28,889.84,224,883,7,13,74
42,red,886.92,331.52,884,327,8,10,60
42,red,711.11,448.59,705,436,13,28,229
42,red,890.25,649.24,887,636,8,30,115
42,red,803.42,741.36,794,728,20,28,435
42,blue,553.29,684.95,541,673,24,23,444
42,blue,1392.46,689.13,1381,677,23,23,422
42,blue,227.47,889.39,224,881,8,15,83
43,red,894.84,327.89,891,323,10,10,64
43,red,715.67,444.28,709,432,13,26,233
43,red,893.16,646.68,890,633,8,28,119
43,red,801.16,738.78,792,725,19,28,400
43,blue,553.38,685.16,541,673,25,24,457
43,blue,1392.45,689.28,1381,677,23,24,420
43,blue,227.47,889.39,224,881,8,15,83
44,red,903.16,325.53,899,321,11,10,70
44,red,719.27,442.41,712,429,15,27,279
44,red,894.25,653.84,892,648,5,14,61
44,red,798.99,735.79,789,723,20,26,378
44,blue,553.19,685.16,541,673,24,24,453
44,blue,1392.50,689.19,1381,677,23,24,424
44,blue,227.37,889.17,224,881,7,15,81
45,red,911.06,323.65,906,319,13,10,80
45,red,722.98,442.01,715,430,16,25,318
45,red,801.22,734.82,794,724,15,23,272
45,blue,553.37,685.23,542,673,24,24,455
45,blue,1392.56,689.23,1381,677,23,24,424
45,blue,227.37,889.17,224,881,7,15,81
46,red,918.08,321.93,914,317,11,10,76
46,red,728.23,442.80,719,430,17,25,273
46,red,802.39,733.97,796,724,14,21,232
46,blue,553.35,685.07,541,673,25,23,450
46,blue,1392.70,689.16,1381,677,24,24,429
46,blue,227.50,889.35,224,881,8,15,84
47,red,925.10,320.60,920,316,11,10,68
47,red,732.34,442.93,722,429,19,27,294
47,red,902.61,654.93,901,643,4,24,84
47,red,803.07,734.75,797,724,13,22,195
47,blue,772.21,618.95,764,613,15,14,131
47,blue,553.61,685.00,542,673,24,23,450
47,blue,1392.39,689.13,1381,677,23,23,423
47,blue,227.58,889.40,224,881,8,15,86
48,red,736.77,442.95,726,429,19,27,310
48,red,905.61,654.75,903,644,7,24,88
48,red,805.69,742.75,802,734,9,19,109
48,blue,781.18,607.94,775,596,13,28,153
48,blue,553.49,684.99,542,673,24,23,445
48,blue,1392.38,688.97,1381,677,23,23,431
48,blue,227.61,889.34,224,881,8,15,87
49,red,740.08,441.39,731,428,20,28,300
49,red,809.92,751.52,806,741,9,23,104
49,blue,788.77,605.54,782,597,14,25,192
49,blue,553.54,685.01,542,673,24,23,449
49,blue,1392.46,689.06,1381,677,23,23,422
49,blue,227.54,889.38,224,881,8,15,85
50,red,745.00,439.90,735,424,21,32,401
50,red,813.25,762.12,808,750,13,28,298
50,blue,801.11,543.18,796,525,12,34,198
50,blue,801.25,587.72,790,572,28,33,405
50,blue,552.86,684.87,541,673,24,23,450
50,blue,1391.20,688.23,1380,676,23,23,420
50,blue,227.65,889.35,224,881,8,15,88
51,red,751.89,440.18,741,423,22,34,435
51,red,824.22,774.80,817,762,16,30,352
51,blue,808.83,543.59,804,516,16,57,417
51,blue,808.37,591.39,797,581,24,24,289
51,blue,553.38,685.27,541,673,25,24,461
51,blue,1392.31,689.22,1381,677,23,23,423
51,blue,227.54,889.38,224,881,8,15,85
52,red,756.93,440.90,744,424,25,34,478
52,red,834.62,784.28,818,773,29,31,478
52,blue,815.86,536.01,811,517,15,40,367
52,blue,825.27,585.26,820,581,12,8,70
52,blue,553.34,685.28,541,673,25,24,461
52,blue,1392.28,689.17,1381,677,23,23,426
52,blue,227.54,889.38,224,881,8,15,85
53,red,763.23,442.15,752,425,24,34,492
53,red,858.11,795.70,838,783,37,31,761
53,blue,820.78,532.99,814,499,16,58,555
53,blue,824.30,584.95,820,581,9,8,60
53,blue,828.99,611.37,825,605,11,12,71
53,blue,553.49,685.21,542,673,24,24,455
53,blue,1392.39,688.92,1381,677,23,23,429
53,blue,227.61,889.34,224,881,8,15,87
54,red,769.66,443.33,759,425,22,36,441
54,red,870.18,803.47,845,792,47,29,675
54,red,844.30,819.04,841,812,7,15,73
54,blue,826.65,536.20,816,498,20,75,814
54,blue,833.65,602.27,830,589,12,32,160
54,blue,553.42,685.11,542,673,24,24,452
54,blue,1392.34,688.84,1381,677,23,23,430
54,blue,227.57,889.33,224,881,8,15,86
55,red,776.39,445.51,765,427,23,37,485
55,red,884.69,815.95,864,802,45,37,888
55,blue,831.99,523.84,827,515,11,19,160
55,blue,553.44,685.29,542,673,24,24,459
55,blue,1392.43,689.09,1381,677,23,23,423
55,blue,227.57,889.33,224,881,8,15,86
56,red,785.33,447.63,777,430,19,37,460
56,red,906.97,820.09,885,807,48,29,847
56,blue,833.19,504.80,829,500,11,9,69
56,blue,836.25,529.99,832,517,13,34,189
56,blue,858.25,601.07,855,590,7,26,135
56,blue,553.37,685.25,542,673,24,24,457
56,blue,1392.41,689.06,1381,677,23,23,421
56,blue,227.57,889.33,224,881,8,15,86
57,red,792.72,450.68,786,433,17,37,452
57,red,937.55,670.52,932,660,11,22,95
57,red,926.85,824.10,905,809,47,35,937
57,blue,846.57,523.62,842,514,10,19,129
57,blue,553.34,685.28,542,673,24,24,457
57,blue,1392.45,689.17,1381,677,23,23,419
57,blue,227.53,889.29,224,881,8,15,85
58,red,802.35,454.88,795,437,17,38,422
58,red,934.00,828.28,912,811,52,42,1123
58,blue,855.65,531.26,849,513,13,44,266
58,blue,553.34,685.25,542,673,24,24,456
58,blue,1392.22,689.15,1381,677,23,23,418
58,blue,227.53,889.29,224,881,8,15,85
59,red,812.89,460.07,806,442,16,38,423
59,red,956.80,681.75,949,666,15,27,152
59,red,931.98,831.07,913,814,48,41,961
59,blue,864.87,534.10,860,518,12,31,257
59,blue,864.81,564.94,862,557,6,16,85
59,blue,553.29,685.26,541,673,25,24,458
59,blue,1392.37,688.99,1381,677,23,23,420
59,blue,227.57,889.33,224,881,8,15,86
60,red,826.04,465.19,819,446,17,38,399
60,red,971.45,670.95,969,663,8,18,64
60,red,964.15,690.36,961,686,8,10,61
60,red,934.79,831.13,915,813,48,42,901
60,blue,871.98,531.67,868,522,8,19,122
60,blue,553.36,685.20,542,673,24,24,453
60,blue,1392.34,688.98,1381,677,23,23,421
60,blue,227.57,889.33,224,881,8,15,86
61,red,841.22,466.68,835,448,15,37,322
61,red,968.51,686.02,964,672,11,26,107
61,red,947.69,826.78,936,813,28,30,467
61,red,921.51,836.62,915,820,16,34,368
61,blue,553.52,685.10,542,673,24,24,454
61,blue,1392.39,688.91,1381,677,23,23,420
61,blue,227.60,889.26,224,881,8,15,87
62,red,859.33,475.52,854,465,13,20,189
62,red,972.34,686.94,968,675,11,23,100
62,red,948.84,827.43,937,814,28,29,516
62,red,922.15,837.57,916,821,17,34,365
62,blue,553.45,685.18,542,673,24,24,451
62,blue,1392.43,688.91,1381,677,23,23,422
62,blue,227.57,889.33,224,881,8,15,86
63,red,877.63,453.35,873,448,11,12,81
63,red,880.09,475.38,874,466,13,19,178
63,red,975.64,690.07,972,677,9,26,97
63,red,949.68,827.70,937,814,28,29,457
63,red,922.18,837.68,916,821,16,33,312
63,blue,553.54,684.98,542,673,24,23,446
63,blue,1392.36,688.74,1381,677,23,23,422
63,blue,227.64,889.28,224,881,8,15,88
64,red,903.22,476.33,898,467,11,19,152
64,red,951.22,828.14,938,815,27,29,459
64,red,921.97,836.87,917,821,14,34,296
64,blue,553.47,685.21,542,673,24,24,453
64,blue,1392.47,689.06,1381,677,24,23,427
64,blue,227.57,889.33,224,881,8,15,86
65,red,929.17,475.83,925,467,10,18,116
65,red,951.27,828.37,938,815,28,29,455
65,red,922.27,836.12,917,821,13,33,280
65,blue,553.49,685.18,542,673,24,24,453
65,blue,1392.54,688.88,1381,677,23,23,421
65,blue,227.60,889.26,224,881,8,15,87
66,red,955.79,474.36,952,467,10,16,110
66,red,1060.10,651.26,1051,642,20,17,168
66,red,952.62,827.96,939,815,28,28,448
66,red,923.07,835.46,918,820,13,34,284
66,blue,553.53,685.14,542,673,24,24,453
66,blue,1392.73,688.83,1381,677,23,23,424
66,blue,227.57,889.33,224,881,8,15,86
67,red,982.48,471.44,978,463,11,18,126
67,red,952.86,828.26,940,815,27,28,439
67,red,923.10,835.50,918,820,11,33,249
67,blue,553.52,685.14,542,673,24,24,451
67,blue,1392.62,688.96,1381,677,23,23,421
67,blue,227.60,889.26,224,881,8,15,87
68,red,1007.80,467.77,1002,459,13,19,139
68,red,953.79,827.90,940,815,28,28,460
68,red,924.46,835.41,919,820,16,33,304
68,blue,553.55,685.05,542,673,24,24,450
68,blue,1392.62,688.91,1381,677,23,23,421
68,blue,227.57,889.33,224,881,8,15,86
69,red,1033.53,464.17,1026,456,16,18,180
69,red,954.17,827.68,941,814,27,29,460
69,red,924.55,834.50,919,819,13,33,280
69,blue,553.52,685.00,542,673,24,24,451
69,blue,1392.60,688.82,1381,677,23,23,424
69,blue,227.64,889.28,224,881,8,15,88
70,red,1058.63,461.28,1052,453,15,18,169
70,red,1105.75,643.93,1102,636,10,18,99
70,red,955.54,826.90,942,813,27,29,476
70,red,925.36,833.77,920,818,13,33,286
70,blue,553.60,685.06,542,673,24,24,456
70,blue,1392.52,688.95,1381,677,23,23,421
70,blue,227.64,889.28,224,881,8,15,88
71,red,1082.06,458.66,1075,451,15,17,158
71,red,1112.46,644.95,1108,636,11,18,91
71,red,956.41,826.84,943,813,28,28,483
71,red,926.54,832.32,921,817,14,33,285
71,blue,553.59,685.04,542,673,24,24,453
71,blue,1392.57,689.05,1381,677,23,23,418
71,blue,227.57,889.33,224,881,8,15,86
72,red,1103.92,457.61,1098,451,13,15,135
72,red,1118.48,644.50,1112,637,14,17,165
72,red,998.52,699.57,995,696,9,8,60
72,red,957.48,825.92,944,813,27,27,482
72,red,927.63,832.07,922,816,13,33,267
72,blue,553.73,685.02,542,673,24,23,451
72,blue,1392.60,689.11,1381,677,23,23,415
72,blue,227.61,889.34,224,881,8,15,87
73,red,1122.86,457.14,1116,450,15,16,144
73,red,1125.47,644.40,1118,638,14,12,97
73,red,957.34,824.67,945,812,27,27,524
73,red,928.16,830.37,923,814,12,34,271
73,blue,553.67,685.09,542,673,24,24,454
73,blue,1392.78,689.13,1381,677,24,23,423
73,blue,227.64,889.28,224,881,8,15,88
74,red,1139.94,458.76,1132,451,17,17,157
74,red,1132.99,644.79,1128,640,10,10,70
74,red,928.94,829.79,924,813,12,33,217
74,red,958.75,824.16,946,812,27,27,541
74,blue,553.67,684.96,542,673,24,23,450
74,blue,1392.53,689.05,1381,677,23,23,417
74,blue,227.64,889.28,224,881,8,15,88
75,red,1155.03,461.61,1147,454,17,17,164
75,red,1006.93,709.46,1003,702,10,16,69
75,red,962.05,823.39,948,812,27,25,473
75,red,929.01,834.94,925,824,9,21,116
75,blue,553.66,685.24,542,673,24,24,457
75,blue,1392.74,689.43,1381,677,24,24,422
75,blue,227.61,889.34,224,881,8,15,87
76,red,1166.85,464.91,1157,456,19,20,182
76,red,932.35,827.24,927,810,12,33,152
76,red,964.45,821.81,950,811,27,24,453
76,blue,553.67,685.35,542,673,24,24,461
76,blue,1392.52,689.68,1381,678,23,23,418
76,blue,227.57,889.33,224,881,8,15,86
77,red,1176.84,469.30,1169,461,17,19,172
77,red,967.14,822.00,954,811,26,24,438
77,red,933.18,833.90,929,828,10,13,77
77,blue,553.70,685.40,542,673,24,24,463
77,blue,1392.42,689.56,1381,678,23,23,416
77,blue,227.57,889.33,224,881,8,15,86
78,red,1183.89,472.11,1177,464,15,18,148
78,red,972.80,820.05,961,809,25,24,413
78,red,937.47,827.26,934,815,8,23,98
78,blue,553.71,685.32,542,673,24,24,462
78,blue,1392.65,689.65,1381,678,24,23,418
78,blue,227.57,889.33,224,881,8,15,86
79,red,1188.13,473.95,1182,464,15,21,164
79,red,945.95,816.01,941,800,14,32,149
79,red,979.76,817.21,968,807,25,22,402
79,blue,553.72,685.28,542,673,24,24,460
79,blue,1392.52,689.62,1381,678,23,23,416
79,blue,227.57,889.33,224,881,8,15,86
80,red,1190.10,475.45,1185,465,13,21,152
80,red,958.15,809.51,952,796,14,28,142
80,red,990.00,813.94,979,803,25,23,393
80,blue,553.67,685.64,542,673,24,24,451
80,blue,1392.48,689.61,1381,678,23,23,417
80,blue,227.57,889.33,224,881,8,15,86
81,red,1190.58,475.07,1186,465,12,20,142
81,red,1007.99,810.64,999,800,21,23,302
81,blue,553.75,685.69,542,673,24,24,451
81,blue,1392.46,689.55,1381,678,23,23,416
81,blue,227.57,889.33,224,881,8,15,86
82,red,1190.96,474.53,1186,464,13,21,148
82,red,1029.94,806.26,1023,797,16,20,176
82,blue,553.87,685.45,542,673,24,24,449
82,blue,1392.46,689.43,1381,677,23,24,421
82,blue,227.61,889.34,224,881,8,15,87
83,red,1191.00,474.66,1187,464,12,21,149
83,red,1055.90,798.52,1050,792,14,16,121
83,blue,1113.21,605.42,1109,592,9,31,193
83,blue,553.82,685.39,542,673,24,24,444
83,blue,1392.40,689.08,1381,677,23,23,421
83,blue,227.61,889.34,224,881,8,15,87
84,red,1191.06,473.93,1187,463,12,21,143
84,red,1081.91,791.42,1075,785,16,16,154
84,blue,1129.42,612.14,1125,608,9,11,79
84,blue,553.62,685.13,542,673,23,24,442
84,blue,1392.37,689.05,1381,677,23,23,427
84,blue,227.61,889.34,224,881,8,15,87
85,red,1191.54,472.81,1187,463,12,20,139
85,red,1107.33,783.86,1097,775,22,19,238
85,blue,1152.29,643.15,1147,640,11,8,79
85,blue,553.81,685.19,542,673,24,24,448
85,blue,1392.55,689.01,1381,677,23,23,421
85,blue,227.61,889.34,224,881,8,15,87
86,red,1192.60,470.25,1188,461,11,20,141
86,red,1133.21,781.83,1125,772,18,20,228
86,blue,553.79,685.19,542,673,24,24,444
86,blue,1392.53,689.00,1381,677,23,23,422
86,blue,227.65,889.35,224,881,8,15,88
87,red,1193.94,469.12,1190,460,10,19,120
87,red,1166.84,783.77,1151,774,32,21,353
87,blue,1153.50,563.61,1150,560,8,8,62
87,blue,553.63,685.17,542,673,23,24,443
87,blue,1392.55,688.98,1381,677,23,23,421
87,blue,227.65,889.35,224,881,8,15,88
88,red,1196.27,466.66,1193,458,8,17,109
88,red,1298.90,658.22,1291,645,18,32,247
88,red,1196.18,788.84,1185,778,22,22,313
88,blue,553.83,685.09,542,673,24,24,447
88,blue,1392.55,688.79,1381,677,23,23,428
88,blue,227.71,889.29,224,881,8,15,90
89,red,1198.97,466.20,1195,457,9,19,127
89,red,1313.70,646.21,1307,641,16,11,94
89,red,1221.48,797.55,1204,784,32,26,537
89,blue,553.82,684.98,542,673,24,24,442
89,blue,1392.58,688.78,1381,677,23,23,425
89,blue,227.65,889.35,224,881,8,15,88
90,red,1202.53,466.72,1199,458,8,18,115
90,red,1254.68,806.26,1240,790,31,36,745
90,blue,553.68,684.96,542,673,24,24,446
90,blue,1392.52,688.79,1381,677,23,23,429
90,blue,227.65,889.35,224,881,8,15,88
91,red,1206.45,465.92,1203,456,8,19,118
91,red,1288.95,814.76,1275,798,31,37,815
91,blue,553.74,684.79,542,673,23,23,434
91,blue,1392.57,688.72,1381,677,23,23,425
91,blue,227.67,889.29,224,881,8,15,89
92,red,1211.49,466.97,1208,458,8,18,111
92,red,1319.49,819.66,1305,801,34,40,932
92,blue,553.70,684.91,542,673,24,23,447
92,blue,1392.57,688.77,1381,677,23,23,424
92,blue,227.71,889.29,224,881,8,15,90
93,red,1217.38,468.75,1214,459,9,19,130
93,red,1344.89,818.51,1329,800,39,41,1041
93,blue,553.87,684.79,542,673,24,23,439
93,blue,1392.67,688.61,1381,676,23,24,425
93,blue,227.69,889.35,224,881,8,15,89
94,red,1224.06,466.06,1220,444,10,36,177
94,red,1347.59,673.56,1345,666,6,18,68
94,red,1364.12,814.69,1346,797,41,40,1022
94,blue,553.75,684.77,542,673,23,23,435
94,blue,1392.58,688.72,1381,677,23,23,422
94,blue,227.71,889.29,224,881,8,15,90
95,red,1233.23,474.50,1229,465,10,18,126
95,red,1386.89,807.68,1376,796,25,26,446
95,red,1363.38,819.51,1355,804,22,30,306
95,blue,553.79,684.85,541,673,25,23,441
95,blue,1392.61,688.79,1381,677,23,23,421
95,blue,227.71,889.29,224,881,8,15,90
96,red,1243.49,478.90,1240,470,9,18,126
96,red,1394.13,805.82,1384,791,24,29,428
96,red,1368.14,817.11,1360,804,17,26,150
96,blue,554.05,684.84,543,673,23,23,437
96,blue,1392.92,688.53,1382,677,22,23,417
96,blue,227.71,889.29,224,881,8,15,90
97,red,1254.88,483.50,1251,474,9,18,121
97,red,1394.62,808.95,1384,796,25,29,460
97,red,1370.50,817.65,1364,804,14,27,131
97,blue,554.07,684.85,543,673,23,23,434
97,blue,1393.67,688.24,1385,677,19,23,373
97,blue,227.71,889.29,224,881,8,15,90
98,red,1267.69,488.03,1264,479,9,18,128
98,red,1397.35,811.50,1388,798,22,30,451
98,red,1374.86,822.58,1370,814,11,19,111
98,blue,554.10,684.87,542,673,24,23,434
98,blue,1397.43,688.67,1393,677,11,23,206
98,blue,227.65,889.35,224,881,8,15,88
99,red,1281.47,493.22,1278,484,9,18,136
99,red,1403.11,810.23,1393,793,24,35,526
99,red,1379.36,823.74,1375,814,10,20,106
99,blue,554.21,684.84,543,673,23,23,439
99,blue,227.71,889.29,224,881,8,15,90
100,red,1296.51,497.21,1293,488,9,19,128
100,red,1404.39,810.33,1395,794,22,34,482
100,red,1380.72,824.03,1376,814,11,20,115
100,blue,554.16,684.80,543,673,23,23,440
100,blue,227.75,889.27,224,881,8,15,91
101,red,1312.43,497.99,1309,489,9,19,145
101,red,1404.54,809.79,1396,797,21,30,433
101,red,1380.09,821.78,1375,812,12,21,148
101,blue,553.87,684.69,543,673,23,23,433
101,blue,227.71,889.29,224,881,8,15,90
102,red,1331.33,498.76,1328,490,8,19,138
102,red,1406.06,810.65,1398,798,21,30,447
102,red,1381.52,819.31,1377,802,13,31,219
102,blue,554.19,684.84,543,673,23,23,429
102,blue,227.71,889.29,224,881,8,15,90
103,red,1351.42,499.16,1347,490,10,19,153
103,red,1406.83,810.60,1398,798,21,30,436
103,red,1381.54,819.07,1377,802,12,31,198
103,blue,1332.04,601.13,1328,593,8,16,90
103,blue,554.13,684.91,543,673,23,23,437
103,blue,227.74,889.22,224,881,8,15,91
104,red,1372.37,498.08,1368,489,10,20,173
104,red,1407.25,810.89,1399,798,21,30,439
104,red,1382.14,818.77,1377,803,12,31,210
104,blue,554.14,685.08,542,673,24,24,448
104,blue,227.71,889.29,224,881,8,15,90
105,red,1392.37,495.91,1388,487,11,19,156
105,red,1407.33,811.09,1399,798,21,30,455
105,red,1382.60,818.67,1378,802,12,32,209
105,blue,554.26,685.00,543,673,23,24,443
105,blue,227.74,889.22,224,881,8,15,91
106,red,1410.61,486.76,1403,468,16,34,203
106,red,1407.44,810.57,1399,795,22,34,479
106,red,1382.08,817.92,1377,802,13,32,249
106,blue,554.21,685.10,543,673,23,24,448
106,blue,227.71,889.29,224,881,8,15,90
107,red,1428.77,486.36,1424,477,11,19,130
107,red,1404.89,808.66,1396,793,22,34,466
107,red,1378.97,815.94,1374,801,12,32,219
107,blue,553.27,684.59,542,672,23,24,442
107,blue,227.77,889.21,224,881,8,15,92
107,blue,1666.91,893.70,1663,881,8,23,137
108,red,1449.57,479.33,1444,471,12,18,134
108,red,1429.51,672.68,1422,668,13,9,63
108,red,1408.50,808.91,1399,794,22,33,483
108,red,1382.51,817.76,1378,802,11,31,188
108,blue,554.31,684.90,543,673,23,23,442
108,blue,227.77,889.21,224,881,8,15,92
109,red,1465.36,472.48,1459,465,13,16,119
109,red,1432.09,672.68,1425,668,13,10,77
109,red,1408.50,809.46,1399,794,23,34,530
109,red,1381.85,817.42,1378,802,11,31,217
109,blue,554.14,685.10,542,673,24,24,447
109,blue,227.75,889.27,224,881,8,15,91
110,red,1478.49,465.21,1472,458,14,16,118
110,red,1408.87,809.13,1399,794,23,34,519
110,red,1382.47,817.73,1378,801,11,31,208
110,blue,1375.76,589.19,1370,578,12,26,161
110,blue,554.22,684.91,543,673,23,23,441
110,blue,227.71,889.29,224,881,8,15,90
111,red,1487.47,458.29,1480,452,15,15,126
111,red,1443.18,670.85,1437,666,16,12,106
111,red,1409.19,808.90,1399,794,24,34,536
111,red,1382.07,816.79,1378,801,11,31,231
111,blue,554.09,685.00,542,673,24,23,446
111,blue,227.71,889.29,224,881,8,15,90
112,red,1493.61,452.31,1486,446,16,15,132
112,red,1442.41,671.77,1439,666,9,13,66
112,red,1410.70,807.80,1400,793,24,33,533
112,red,1382.74,815.20,1379,800,10,31,236
112,blue,1378.38,583.90,1374,567,11,34,204
112,blue,1403.02,628.52,1396,626,13,8,62
112,blue,554.21,684.93,543,673,23,23,443
112,blue,227.71,889.29,224,881,8,15,90
113,red,1492.06,448.55,1484,443,17,13,132
113,red,1442.84,670.76,1438,665,11,14,95
113,red,1407.26,806.91,1396,792,25,34,568
113,red,1380.20,813.68,1376,798,10,32,246
113,blue,1376.95,593.42,1374,585,7,19,124
113,blue,553.19,684.65,542,672,23,24,443
113,blue,227.67,889.29,224,881,8,15,89
113,blue,1666.75,893.11,1663,880,8,24,150
114,red,1489.21,446.51,1481,441,17,13,138
114,red,1445.10,670.13,1440,665,11,13,92
114,red,1407.81,805.60,1395,791,27,33,556
114,red,1380.52,812.04,1376,797,11,31,259
114,blue,1375.79,584.03,1370,577,11,16,146
114,blue,1382.17,631.14,1377,622,12,20,126
114,blue,553.04,684.70,541,672,24,24,447
114,blue,227.64,889.28,224,881,8,15,88
114,blue,1666.57,892.76,1663,880,8,24,161
115,red,1486.39,445.84,1477,440,18,14,144
115,red,1451.90,671.48,1447,665,11,14,89
115,red,1412.50,806.34,1400,792,26,32,550
115,red,1385.08,813.01,1380,797,11,32,251
115,blue,1378.94,589.24,1374,586,11,8,82
115,blue,554.24,685.13,543,673,23,24,447
115,blue,1386.46,687.19,1382,677,11,21,112
115,blue,227.67,889.29,224,881,8,15,89
116,red,1471.26,446.16,1463,440,17,14,145
116,red,1450.53,670.97,1446,666,10,12,86
116,red,1410.08,804.47,1399,791,23,31,492
116,red,1382.05,812.10,1377,797,11,30,215
116,blue,1379.84,619.82,1375,612,10,14,88
116,blue,553.06,684.81,541,672,24,24,449
116,blue,1384.25,686.84,1378,677,14,21,177
116,blue,227.64,889.28,224,881,8,15,88
116,blue,1666.59,893.22,1663,881,8,23,154
117,red,1459.03,446.80,1451,441,18,13,151
117,red,1413.84,804.20,1402,791,25,31,526
117,red,1386.39,810.72,1381,794,11,33,250
117,blue,1374.92,585.80,1373,562,4,47,147
117,blue,554.32,684.98,543,673,24,24,447
117,blue,1388.71,687.39,1381,677,16,22,229
117,blue,227.70,889.22,224,881,8,15,90
118,red,1437.95,448.52,1430,443,18,13,183
118,red,1457.51,670.01,1452,662,11,15,90
118,red,1415.16,802.70,1404,789,24,32,525
118,red,1387.05,808.98,1382,793,11,32,244
118,blue,1374.71,596.93,1373,585,4,24,84
118,blue,554.21,685.06,543,673,23,24,448
118,blue,1388.80,687.51,1381,677,16,22,235
118,blue,227.67,889.29,224,881,8,15,89
119,red,1414.16,449.00,1404,444,21,12,181
119,red,1415.44,801.18,1404,788,24,30,499
119,red,1387.94,806.85,1383,792,10,32,208
119,blue,1382.13,515.03,1379,509,7,13,77
119,blue,1383.91,591.87,1372,570,21,40,423
119,blue,554.27,685.07,543,673,23,24,448
119,blue,1388.27,687.36,1381,677,15,22,202
119,blue,227.71,889.29,224,881,8,15,90
120,red,1415.27,798.57,1404,785,24,30,502
120,red,1388.10,803.58,1384,789,9,32,198
120,blue,1380.09,583.89,1373,546,16,65,390
120,blue,554.23,685.06,543,673,23,24,448
120,blue,1386.08,686.66,1382,678,9,19,64
120,blue,227.71,889.29,224,881,8,15,90
121,red,1411.96,795.30,1400,782,25,30,462
121,red,1384.63,798.85,1381,785,8,32,191
121,blue,1379.17,559.71,1369,515,21,100,989
121,blue,553.33,684.95,542,673,23,24,444
121,blue,227.67,889.29,224,881,8,15,89
121,blue,1667.13,893.94,1664,882,7,22,124
122,red,1407.74,789.44,1381,780,46,24,573
122,blue,1383.36,559.67,1373,514,19,98,604
122,blue,554.32,685.20,543,673,24,24,453
122,blue,227.71,889.29,224,881,8,15,90
123,red,1402.23,782.38,1376,772,47,23,683
123,blue,1388.22,535.17,1385,530,8,11,60
123,blue,1386.31,567.93,1379,553,22,33,232
123,blue,1388.30,599.39,1380,592,18,18,197
123,blue,554.20,685.12,543,673,23,24,448
123,blue,227.67,889.29,224,881,8,15,89
124,red,1331.99,426.02,1328,420,9,14,91
124,red,1394.27,775.08,1366,764,48,26,684
124,blue,1385.44,596.53,1382,586,8,23,169
124,blue,553.25,684.32,542,672,23,24,454
124,blue,227.74,889.22,224,881,8,15,91
124,blue,1666.72,893.05,1663,880,8,24,152
125,red,1321.77,423.29,1318,417,10,15,102
125,red,1392.52,769.35,1376,757,31,28,603
125,blue,1384.83,591.56,1382,583,8,18,115
125,blue,553.32,684.60,542,672,23,24,448
125,blue,227.74,889.22,224,881,8,15,91
125,blue,1666.65,893.08,1663,880,8,24,155
126,red,1316.61,423.01,1309,414,17,21,165
126,red,1391.44,765.79,1375,752,30,31,652
126,blue,554.29,684.85,543,673,23,23,443
126,blue,227.67,889.29,224,881,8,15,89
127,red,1308.51,420.52,1300,411,17,21,170
127,red,1385.63,759.99,1369,745,28,33,586
127,blue,1387.02,512.65,1373,498,32,39,794
127,blue,553.22,684.54,542,672,23,24,445
127,blue,227.74,889.22,224,881,8,15,91
127,blue,1666.66,893.00,1663,880,8,24,155
128,red,1309.43,419.28,1298,410,20,20,125
128,red,1417.99,638.01,1413,629,11,20,110
128,red,1399.55,687.16,1396,681,8,12,67
128,red,1387.14,755.50,1378,741,18,32,450
128,blue,1387.01,519.27,1374,498,30,59,956
128,blue,554.28,684.88,543,673,23,23,442
128,blue,227.71,889.29,224,881,8,15,90
129,red,1312.60,414.63,1308,409,10,13,70
129,red,1386.42,749.68,1379,735,15,33,401
129,blue,1385.76,508.09,1375,492,27,37,442
129,blue,1382.59,546.46,1378,541,11,12,99
129,blue,554.56,684.92,543,673,24,23,444
129,blue,227.71,889.29,224,881,8,15,90
130,red,1388.79,743.12,1385,729,9,29,188
130,blue,1386.72,504.62,1378,497,19,17,223
130,blue,554.41,684.88,543,673,24,23,444
130,blue,227.67,889.29,224,881,8,15,89
131,red,1390.72,736.75,1387,724,9,27,181
131,blue,1381.40,503.46,1376,489,12,25,183
131,blue,1366.78,579.87,1363,566,9,28,207
131,blue,554.49,684.91,543,673,24,23,449
131,blue,227.67,889.29,224,881,8,15,89
132,red,1389.07,732.27,1384,719,11,28,269
132,blue,1367.79,549.37,1358,497,24,96,897
132,blue,1486.54,611.85,1478,609,16,7,91
132,blue,553.41,684.48,542,672,24,24,449
132,blue,227.74,889.22,224,881,8,15,91
132,blue,1666.68,892.86,1663,880,8,24,155
133,red,1394.87,728.96,1388,716,15,28,362
133,blue,1377.01,518.35,1365,497,27,43,537
133,blue,1490.13,558.21,1481,546,16,23,283
133,blue,1366.25,571.42,1358,548,19,46,564
133,blue,554.36,684.88,543,673,24,23,445
133,blue,227.67,889.29,224,881,8,15,89
134,red,1399.28,724.99,1391,711,17,28,420
134,blue,1375.31,534.67,1360,497,33,72,940
134,blue,1485.41,560.45,1474,545,24,32,587
134,blue,1363.68,583.59,1359,575,14,18,162
134,blue,554.42,684.87,543,673,24,23,448
134,blue,227.67,889.29,224,881,8,15,89
135,red,1404.86,722.32,1396,709,18,28,456
135,blue,1374.81,517.37,1368,501,17,29,207
135,blue,1372.88,560.26,1358,529,33,65,647
135,blue,1481.12,565.48,1466,541,36,53,1146
135,blue,554.42,684.87,543,673,24,23,448
135,blue,227.67,889.29,224,881,8,15,89
136,red,1407.05,720.53,1389,707,32,28,641
136,blue,1377.00,525.03,1369,501,18,51,418
136,blue,1492.00,537.00,1488,530,9,15,135
136,blue,1367.60,583.64,1362,562,15,43,324
136,blue,554.34,684.85,543,673,23,23,441
136,blue,227.67,889.29,224,881,8,15,89
137,red,1498.75,627.40,1494,624,13,9,77
137,red,1412.22,718.26,1396,706,32,27,776
137,blue,1482.69,535.12,1466,515,41,45,783
137,blue,1380.50,530.21,1370,522,19,15,214
137,blue,1460.38,565.33,1457,562,8,8,61
137,blue,554.37,684.85,543,673,24,23,446
137,blue,1386.23,692.65,1381,686,12,14,117
137,blue,227.67,889.29,224,881,8,15,89
138,red,1496.28,626.03,1491,618,14,14,122
138,red,1420.11,718.57,1401,705,35,29,726
138,blue,1383.08,518.10,1371,499,22,31,379
138,blue,1480.85,523.34,1463,514,35,22,361
138,blue,554.30,684.98,543,673,23,24,448
138,blue,1389.57,690.03,1381,678,18,22,278
138,blue,227.64,889.28,224,881,8,15,88
139,red,1492.71,627.52,1488,622,11,12,82
139,red,1426.10,720.39,1408,706,33,30,728
139,blue,1386.29,517.28,1378,501,16,29,190
139,blue,1459.93,535.01,1456,530,8,13,85
139,blue,1447.78,555.47,1445,546,7,23,116
139,blue,1382.55,570.07,1373,554,18,39,344
139,blue,1458.10,595.82,1446,578,27,35,387
139,blue,554.36,684.99,543,673,23,24,447
139,blue,1392.00,689.05,1381,677,22,23,397
139,blue,227.67,889.29,224,881,8,15,89
140,red,1434.65,722.57,1418,708,29,30,568
140,blue,1383.43,520.06,1376,503,17,35,185
140,blue,1470.60,525.36,1466,518,11,17,87
140,blue,1454.46,531.43,1450,522,16,21,138
140,blue,1391.12,552.84,1388,541,8,20,96
140,blue,1442.98,558.63,1440,546,9,23,147
140,blue,1447.15,585.06,1439,578,19,16,215
140,blue,1461.34,602.87,1456,594,16,17,173
140,blue,554.31,684.93,543,673,23,24,444
140,blue,1392.53,688.84,1381,677,23,23,416
140,blue,227.67,889.29,224,881,8,15,89
141,red,1434.60,723.13,1415,709,35,30,727
141,blue,1386.78,514.04,1379,505,14,17,114
141,blue,1445.14,566.51,1431,522,36,88,1774
141,blue,554.28,685.03,543,673,23,24,448
141,blue,1392.44,688.94,1381,677,23,23,417
141,blue,227.67,889.29,224,881,8,15,89
142,red,1481.61,629.99,1477,622,11,16,92
142,red,1438.26,723.55,1421,709,32,31,687
142,blue,1390.22,516.58,1386,507,8,22,113
142,blue,1449.98,524.53,1434,514,27,19,189
142,blue,1440.17,580.73,1425,546,37,62,1420
142,blue,554.33,685.06,543,673,23,24,450
142,blue,1392.48,688.89,1381,677,23,23,415
142,blue,227.67,889.29,224,881,8,15,89
143,red,1474.81,627.06,1471,619,11,15,118
143,red,1437.68,722.60,1420,708,33,31,750
143,blue,1432.13,563.60,1417,522,37,86,1908
143,blue,554.40,684.95,543,673,23,24,448
143,blue,1392.57,688.82,1381,677,23,23,415
143,blue,227.71,889.29,224,881,8,15,90
144,red,1437.27,721.63,1421,706,32,32,716
144,blue,1428.85,566.18,1417,538,27,55,1076
144,blue,554.35,685.05,543,673,23,24,451
144,blue,1392.52,688.76,1381,677,23,23,416
144,blue,227.71,889.29,224,881,8,15,90
145,red,1434.20,721.24,1419,707,30,30,728
145,blue,1413.75,551.08,1393,518,44,68,1408
145,blue,553.91,684.87,542,673,24,23,442
145,blue,1391.27,688.96,1380,677,23,23,418
145,blue,227.74,889.22,224,881,8,15,91
145,blue,1667.86,895.71,1665,886,6,18,80
146,red,1434.21,720.98,1420,706,29,31,673
146,blue,1394.48,529.60,1387,516,15,29,402
146,blue,1417.71,533.18,1410,522,17,23,223
146,blue,1410.92,573.16,1404,561,16,24,335
146,blue,554.42,684.89,543,673,23,23,444
146,blue,1392.74,688.79,1381,677,24,23,427
146,blue,227.74,889.22,224,881,8,15,91
147,red,1430.67,720.95,1419,706,22,30,459
147,blue,1397.85,534.94,1383,519,35,34,547
147,blue,1405.67,576.66,1401,557,15,36,246
147,blue,554.42,684.89,543,673,23,23,444
147,blue,1392.48,688.80,1381,677,23,23,420
147,blue,227.74,889.22,224,881,8,15,91
148,red,1423.18,716.39,1420,710,7,15,74
148,blue,1405.15,526.24,1402,518,8,18,107
148,blue,1398.70,583.53,1395,577,9,15,91
148,blue,554.33,684.87,543,673,23,23,443
148,blue,1392.34,688.65,1381,676,23,24,422
148,blue,227.75,889.27,224,881,8,15,91
149,blue,554.25,684.91,542,673,24,23,446
149,blue,1391.99,688.66,1380,676,24,24,425
149,blue,227.75,889.27,224,881,8,15,91
150,red,1444.17,723.23,1440,716,9,14,78
150,blue,553.62,684.80,542,673,23,23,439
150,blue,1388.16,689.23,1379,677,19,23,328
150,blue,227.67,889.29,224,881,8,15,89
150,blue,1667.36,893.97,1664,881,7,23,116
151,red,1438.61,717.84,1429,701,23,32,527
151,blue,554.20,685.10,542,673,24,24,454
151,blue,227.67,889.29,224,881,8,15,89
152,red,1433.79,716.37,1419,701,33,31,806
152,blue,1363.66,544.31,1361,534,8,23,121
152,blue,554.18,685.13,542,673,24,24,454
152,blue,227.71,889.29,224,881,8,15,90
153,red,1433.08,714.74,1418,699,33,32,813
153,blue,554.20,684.44,542,672,24,24,459
153,blue,227.99,889.22,224,881,9,15,98
154,red,1432.88,715.13,1416,700,35,31,779
154,blue,1340.15,534.21,1336,523,12,21,131
154,blue,554.21,684.91,542,673,24,23,448
154,blue,1394.62,688.68,1387,677,17,23,320
154,blue,227.67,889.29,224,881,8,15,89
155,red,1431.74,715.86,1414,700,37,32,812
155,blue,1330.90,535.66,1326,527,12,17,99
155,blue,554.19,685.24,543,673,23,24,456
155,blue,1392.26,689.51,1381,677,23,24,423
155,blue,227.61,889.34,224,881,8,15,87
156,red,1431.99,714.56,1414,699,37,32,789
156,blue,1333.63,509.99,1325,507,18,6,86
156,blue,1324.92,544.44,1313,525,30,37,334
156,blue,554.35,684.89,543,673,23,23,442
156,blue,1392.70,688.82,1381,676,24,24,428
156,blue,227.67,889.29,224,881,8,15,89
157,red,1432.24,714.30,1415,699,35,31,750
157,blue,554.11,685.10,542,673,24,24,451
157,blue,1392.59,688.94,1381,677,24,23,423
157,blue,227.61,889.34,224,881,8,15,87
158,red,1431.02,713.51,1415,698,32,32,690
158,blue,554.29,685.04,543,673,23,24,449
158,blue,1392.76,689.11,1381,677,24,23,425
158,blue,227.67,889.29,224,881,8,15,89
159,red,1323.47,608.27,1320,601,9,16,75
159,red,1430.06,712.68,1414,697,34,32,694
159,blue,554.16,685.00,542,673,24,24,449
159,blue,1392.58,689.16,1381,677,24,23,424
159,blue,227.67,889.29,224,881,8,15,89
160,red,1318.61,607.96,1314,600,12,20,112
160,red,1428.71,711.53,1412,696,35,31,716
160,blue,554.27,685.05,543,673,23,24,451
160,blue,1392.66,689.19,1381,677,24,23,425
160,blue,227.67,889.29,224,881,8,15,89
161,red,1314.50,619.70,1309,607,12,27,247
161,red,1425.49,709.23,1410,694,29,31,622
161,blue,554.31,684.93,543,673,23,24,445
161,blue,1392.56,689.09,1381,677,24,23,421
161,blue,227.69,889.35,224,881,8,15,89
162,red,1425.72,708.89,1415,693,22,30,462
162,blue,554.29,685.22,543,673,23,24,453
162,blue,1392.13,689.53,1381,677,22,24,407
162,blue,227.61,889.34,224,881,8,15,87
163,red,1423.12,705.18,1412,690,21,30,408
163,blue,554.36,684.87,543,673,23,23,444
163,blue,1391.92,688.78,1381,677,21,23,395
163,blue,227.65,889.35,224,881,8,15,88
164,red,1418.53,703.09,1404,687,26,29,369
164,blue,554.29,685.09,543,673,23,24,449
164,blue,1391.04,689.10,1381,677,20,23,359
164,blue,227.65,889.35,224,881,8,15,88
165,red,1416.06,700.19,1402,690,25,20,273
165,blue,554.19,685.15,542,673,24,24,453
165,blue,1389.87,689.35,1381,677,17,23,302
165,blue,227.61,889.34,224,881,8,15,87
166,red,1409.27,692.44,1395,688,26,12,106
166,blue,554.31,685.05,543,673,23,24,448
166,blue,1387.93,689.68,1381,677,13,23,209
166,blue,227.61,889.34,224,881,8,15,87
167,blue,554.41,684.86,543,673,24,23,446
167,blue,227.65,889.35,224,881,8,15,88
168,blue,554.33,684.86,543,673,23,23,443
168,blue,227.65,889.35,224,881,8,15,88
169,blue,554.38,685.13,542,673,25,24,460
169,blue,227.65,889.35,224,881,8,15,88
170,red,1376.24,670.21,1373,662,7,17,82
170,blue,554.45,685.02,543,673,24,24,452
170,blue,227.61,889.34,224,881,8,15,87
171,red,1372.57,667.50,1366,658,13,21,171
171,blue,554.41,685.08,543,673,24,24,455
171,blue,227.65,889.35,224,881,8,15,88
172,red,1369.99,667.26,1359,652,24,28,337
172,blue,554.20,685.11,542,673,24,24,454
172,blue,227.61,889.34,224,881,8,15,87
173,red,1366.47,666.16,1354,652,27,29,486
173,blue,554.29,685.04,543,673,23,24,450
173,blue,227.65,889.35,224,881,8,15,88
174,red,1363.01,667.87,1351,654,26,29,492
174,blue,554.37,685.05,543,673,24,24,453
174,blue,227.65,889.35,224,881,8,15,88
175,red,1358.47,668.17,1347,655,26,28,544
175,blue,554.37,685.05,543,673,24,24,453
175,blue,1396.31,683.45,1389,677,15,16,139
175,blue,227.65,889.35,224,881,8,15,88
176,red,1350.48,668.96,1339,656,26,27,530
176,blue,554.36,684.99,543,673,23,24,447
176,blue,1394.47,687.08,1385,677,19,22,312
176,blue,227.65,889.35,224,881,8,15,88
177,red,1340.54,668.95,1328,656,27,26,556
177,blue,554.49,685.14,542,673,25,24,455
177,blue,1392.25,688.86,1379,677,25,23,411
177,blue,227.69,889.35,224,881,8,15,89
178,red,1328.83,668.18,1317,655,26,26,508
178,blue,554.44,685.10,542,673,25,24,451
178,blue,1392.44,688.97,1381,677,23,23,401
178,blue,227.69,889.35,224,881,8,15,89
179,red,1316.29,666.47,1304,654,25,25,486
179,blue,554.46,685.12,542,673,25,24,452
179,blue,1392.50,689.14,1381,678,23,22,398
179,blue,227.69,889.35,224,881,8,15,89
180,red,1309.22,665.35,1304,653,11,24,194
180,blue,554.41,685.14,542,673,25,24,453
180,blue,1392.55,689.15,1381,678,23,22,396
180,blue,227.65,889.35,224,881,8,15,88
181,blue,554.41,685.10,542,673,25,24,451
181,blue,1392.71,689.04,1381,677,23,23,406
181,blue,227.65,889.35,224,881,8,15,88
182,blue,554.41,685.16,542,673,25,24,451
182,blue,1392.70,689.40,1381,678,23,23,406
182,blue,227.65,889.35,224,881,8,15,88
183,red,1259.46,665.04,1251,654,18,23,336
183,blue,554.27,685.17,542,673,24,24,447
183,blue,1392.72,689.34,1381,678,23,22,404
183,blue,227.61,889.34,224,881,8,15,87
184,red,1249.04,664.18,1238,652,23,25,484
184,blue,554.26,685.10,542,673,24,24,448
184,blue,1392.48,689.21,1381,677,23,23,402
184,blue,227.65,889.35,224,881,8,15,88
185,red,1236.81,664.73,1225,653,24,25,500
185,blue,554.31,685.16,542,673,24,24,447
185,blue,1392.74,689.28,1381,678,23,22,404
185,blue,227.65,889.35,224,881,8,15,88
186,red,1224.94,665.99,1213,655,24,24,502
186,blue,554.35,685.19,542,673,24,24,447
186,blue,1392.53,689.47,1381,678,23,23,404
186,blue,227.58,889.40,224,881,8,15,86
187,red,1214.91,666.88,1203,655,24,25,501
187,blue,554.24,685.12,542,673,24,24,449
187,blue,1392.45,689.34,1381,678,23,22,401
187,blue,227.57,889.33,224,881,8,15,86
188,red,1207.90,668.57,1196,657,24,24,491
188,blue,554.23,685.18,542,673,24,24,454
188,blue,1392.62,689.27,1381,678,23,22,408
188,blue,227.61,889.34,224,881,8,15,87
189,red,1208.12,670.49,1196,659,24,24,490
189,blue,554.31,685.17,542,673,25,24,452
189,blue,1392.58,689.38,1381,678,23,22,405
189,blue,227.61,889.34,224,881,8,15,87
190,red,1207.69,669.13,1195,658,25,24,514
190,blue,554.25,685.14,542,673,24,24,450
190,blue,1392.57,689.44,1381,678,23,23,403
190,blue,227.61,889.34,224,881,8,15,87
191,red,1205.28,668.40,1193,656,25,25,517
191,blue,554.34,684.98,543,673,23,24,444
191,blue,1392.63,689.26,1381,678,23,22,406
191,blue,227.61,889.34,224,881,8,15,87
192,red,1204.82,666.58,1192,654,24,26,479
192,blue,554.10,685.10,543,673,23,24,445
192,blue,1392.43,689.51,1381,678,23,23,420
192,blue,227.65,889.35,224,881,8,15,88
193,red,1203.93,665.93,1191,653,25,26,490
193,blue,554.09,685.18,542,673,25,24,455
193,blue,1392.45,689.39,1381,678,23,22,409
193,blue,227.61,889.34,224,881,8,15,87
194,red,1203.58,665.29,1189,653,27,26,477
194,blue,553.99,685.27,542,673,24,24,454
194,blue,1392.68,689.41,1381,678,23,22,404
194,blue,227.65,889.35,224,881,8,15,88
195,red,1202.88,664.41,1188,652,27,25,479
195,blue,554.16,685.23,542,673,24,24,455
195,blue,1392.83,689.43,1382,678,22,23,400
195,blue,227.65,889.35,224,881,8,15,88
196,red,1202.32,664.52,1188,653,27,23,407
196,blue,1164.16,496.04,1152,486,28,19,273
196,blue,554.05,685.28,542,673,25,24,459
196,blue,1392.82,689.11,1382,677,22,23,399
196,blue,227.61,889.34,224,881,8,15,87
197,red,1200.83,664.50,1187,654,25,22,295
197,blue,554.09,685.30,542,673,25,24,457
197,blue,1392.88,689.10,1382,677,22,23,401
197,blue,227.61,889.34,224,881,8,15,87
198,blue,1140.89,498.26,1135,492,15,14,140
198,blue,553.90,685.23,542,673,24,24,460
198,blue,1392.74,689.12,1382,677,22,23,400
198,blue,227.61,889.34,224,881,8,15,87
199,red,1207.04,661.33,1203,655,9,14,79
199,blue,553.96,685.05,542,673,24,23,451
199,blue,1392.82,689.10,1382,677,22,23,403
199,blue,227.61,889.34,224,881,8,15,87
200,red,1200.11,661.01,1185,650,28,23,364
200,blue,1124.50,496.22,1120,490,12,15,107
200,blue,554.26,685.36,542,673,25,24,469
200,blue,1392.97,689.39,1382,678,22,22,395
200,blue,227.65,889.35,224,881,8,15,88
201,red,1198.87,660.63,1184,649,28,23,387
201,blue,1120.99,491.62,1116,489,11,7,68
201,blue,553.94,685.30,542,673,24,24,461
201,blue,1392.75,689.11,1382,677,22,23,404
201,blue,227.65,889.35,224,881,8,15,88
202,red,1197.04,660.34,1184,649,28,22,433
202,blue,553.90,685.44,541,673,26,24,462
202,blue,1392.86,689.33,1382,678,22,22,398
202,blue,227.65,889.35,224,881,8,15,88
203,red,1196.48,659.77,1184,649,27,22,409
203,blue,1107.21,490.01,1104,482,7,15,71
203,blue,553.99,685.40,542,673,25,24,464
203,blue,1392.82,689.21,1382,677,22,23,400
203,blue,227.61,889.34,224,881,8,15,87
204,red,1196.79,657.68,1183,645,27,25,425
204,blue,553.87,685.40,542,673,24,24,460
204,blue,1392.66,689.42,1382,678,22,23,401
204,blue,227.58,889.40,224,881,8,15,86
205,red,1195.11,657.67,1182,647,27,22,375
205,blue,553.80,685.42,541,673,25,24,464
205,blue,1392.73,689.50,1382,678,22,23,407
205,blue,227.61,889.34,224,881,8,15,87
206,red,1193.26,656.83,1181,646,26,22,352
206,blue,553.86,685.35,542,673,24,24,458
206,blue,1392.51,689.66,1382,678,22,23,411
206,blue,227.61,889.34,224,881,8,15,87
207,red,1189.93,655.85,1179,645,23,22,322
207,blue,553.81,685.34,542,673,24,24,459
207,blue,1392.49,689.58,1381,677,23,24,416
207,blue,227.61,889.34,224,881,8,15,87
208,red,1185.98,654.32,1176,643,22,22,288
208,blue,553.95,685.51,541,673,25,24,458
208,blue,1392.67,689.67,1382,678,22,23,410
208,blue,227.61,889.34,224,881,8,15,87
209,red,1180.40,652.09,1171,642,21,21,267
209,blue,553.89,685.39,542,673,24,24,461
209,blue,1392.57,689.46,1381,677,23,24,420
209,blue,227.61,889.34,224,881,8,15,87
210,red,1169.64,647.71,1161,640,18,17,202
210,blue,553.92,685.39,542,673,24,24,462
210,blue,1392.61,689.45,1382,677,22,24,415
210,blue,227.61,889.34,224,881,8,15,87
211,red,1155.43,644.81,1149,638,14,14,101
211,blue,553.93,685.36,542,673,24,24,462
211,blue,1392.54,689.47,1381,677,23,24,416
211,blue,227.65,889.35,224,881,8,15,88
212,red,1140.18,636.40,1135,631,10,13,85
212,blue,1028.92,541.31,1024,536,11,13,105
212,blue,553.74,685.31,542,673,24,24,458
212,blue,1392.25,689.01,1381,677,23,23,416
212,blue,227.71,889.29,224,881,8,15,90
213,red,1123.40,632.42,1117,626,13,15,109
213,blue,553.75,685.32,542,673,24,24,457
213,blue,1392.35,689.02,1381,677,23,23,417
213,blue,227.67,889.29,224,881,8,15,89
214,red,1105.47,628.93,1097,622,17,17,152
214,blue,553.71,685.35,542,673,24,24,457
214,blue,1392.42,689.21,1381,677,23,24,423
214,blue,227.57,889.33,224,881,8,15,86
215,red,1089.10,627.37,1080,620,18,17,158
215,blue,553.43,685.31,541,673,24,24,456
215,blue,1392.04,688.82,1381,677,22,23,413
215,blue,227.57,889.33,224,881,8,15,86
216,red,1071.13,628.12,1062,620,18,19,205
216,blue,553.47,685.33,541,673,24,24,457
216,blue,1392.28,689.13,1382,677,21,24,413
216,blue,227.61,889.34,224,881,8,15,87
217,blue,553.72,685.33,541,673,25,24,466
217,blue,1392.31,688.84,1382,677,22,23,410
217,blue,227.67,889.29,224,881,8,15,89
218,blue,553.56,685.26,541,673,25,24,457
218,blue,1392.04,688.75,1381,677,22,23,410
218,blue,227.67,889.29,224,881,8,15,89
219,red,1007.32,642.69,1000,631,16,24,259
219,blue,553.42,685.01,541,673,24,23,443
219,blue,1392.02,688.78,1381,677,22,23,409
219,blue,227.71,889.29,224,881,8,15,90
220,red,985.94,648.25,979,637,14,23,234
220,blue,981.99,494.15,975,489,13,11,104
220,blue,553.62,685.00,541,673,25,23,446
220,blue,1392.36,688.77,1381,677,23,23,414
220,blue,227.65,889.35,224,881,8,15,88
221,red,962.85,654.28,956,644,14,22,256
221,blue,553.61,684.96,541,673,25,23,448
221,blue,1391.64,688.71,1380,677,23,23,412
221,blue,227.71,889.29,224,881,8,15,90
222,red,940.20,658.74,933,648,15,23,271
222,blue,553.75,685.00,541,673,25,23,452
222,blue,1392.12,688.74,1381,677,22,23,412
222,blue,227.61,889.34,224,881,8,15,87
223,red,920.01,659.67,913,649,15,23,278
223,blue,553.68,684.90,542,673,24,23,448
223,blue,1392.07,688.64,1381,677,22,23,417
223,blue,227.61,889.34,224,881,8,15,87
224,red,904.70,660.82,896,650,18,23,327
224,blue,553.70,684.58,541,672,25,24,460
224,blue,1392.15,688.68,1381,677,22,23,413
224,blue,227.67,889.29,224,881,8,15,89
225,red,895.92,661.58,886,650,21,24,372
225,blue,553.62,684.50,542,672,24,24,463
225,blue,1392.21,688.67,1381,677,23,23,418
225,blue,227.67,889.29,224,881,8,15,89
226,red,893.08,663.66,882,652,21,23,342
226,blue,553.49,684.89,541,672,25,24,455
226,blue,1392.30,688.78,1381,677,23,23,414
226,blue,227.57,889.33,224,881,8,15,86
227,red,890.75,663.51,881,652,20,24,352
227,blue,553.51,684.55,542,672,24,24,461
227,blue,1392.19,688.75,1381,677,22,23,412
227,blue,227.61,889.34,224,881,8,15,87
228,red,889.46,663.96,880,653,19,23,354
228,blue,553.35,684.96,541,673,25,23,450
228,blue,1391.74,689.04,1381,677,22,23,410
228,blue,227.61,889.34,224,881,8,15,87
229,red,890.54,663.58,881,652,19,24,359
229,blue,553.69,684.97,542,673,24,23,453
229,blue,1392.15,688.73,1381,677,22,23,414
229,blue,227.67,889.29,224,881,8,15,89
230,red,889.99,662.64,880,650,21,26,395
230,blue,553.29,684.94,541,673,25,23,454
230,blue,1392.12,688.70,1381,677,22,23,417
230,blue,227.65,889.35,224,881,8,15,88
231,red,889.58,662.58,881,651,19,25,404
231,blue,553.75,684.94,542,673,24,23,444
231,blue,1392.56,689.04,1381,677,23,23,416
231,blue,227.71,889.29,224,881,8,15,90
232,red,888.06,662.97,877,651,21,26,394
232,blue,553.51,684.67,541,672,25,24,459
232,blue,1392.08,688.32,1381,676,22,24,416
232,blue,227.74,889.22,224,881,8,15,91
233,red,887.83,663.04,877,651,21,25,404
233,blue,849.13,500.94,841,484,16,28,231
233,blue,553.40,684.84,541,672,25,24,454
233,blue,1391.88,688.81,1381,677,22,23,414
233,blue,227.67,889.29,224,881,8,15,89
234,red,887.36,661.49,876,651,21,21,296
234,blue,553.18,684.99,541,673,25,23,453
234,blue,1391.79,688.77,1381,677,22,23,417
234,blue,227.67,889.29,224,881,8,15,89
235,red,883.99,660.24,875,651,17,19,161
235,blue,834.58,487.09,827,474,19,30,203
235,blue,553.14,684.95,541,673,25,23,457
235,blue,1391.76,688.86,1380,677,23,23,421
235,blue,227.65,889.35,224,881,8,15,88
236,blue,824.94,484.39,815,471,23,30,191
236,blue,553.15,684.95,541,673,25,23,455
236,blue,1391.71,688.87,1380,677,23,23,421
236,blue,227.57,889.33,224,881,8,15,86
237,blue,813.03,487.74,802,470,24,37,240
237,blue,553.12,684.96,541,673,25,23,453
237,blue,1391.63,688.96,1380,677,23,23,417
237,blue,227.53,889.29,224,881,8,15,85
238,red,881.23,662.03,871,654,20,18,210
238,blue,801.46,493.93,786,471,30,56,347
238,blue,553.02,685.03,541,673,25,23,455
238,blue,1391.66,689.08,1381,677,22,23,411
238,blue,227.57,889.33,224,881,8,15,86
239,red,878.54,660.50,868,649,22,22,184
239,blue,799.94,482.55,788,465,21,38,265
239,blue,553.07,684.98,541,673,25,23,456
239,blue,1391.69,688.92,1380,677,23,23,418
239,blue,227.57,889.33,224,881,8,15,86
240,red,874.62,657.81,864,648,25,22,192
240,blue,795.49,479.05,787,465,16,27,172
240,blue,553.04,684.93,541,673,25,23,456
240,blue,1391.82,688.82,1380,677,23,23,421
240,blue,227.57,889.33,224,881,8,15,86
241,red,875.61,660.26,862,649,26,20,145
241,blue,787.56,484.80,780,475,14,20,142
241,blue,553.14,684.75,541,672,24,24,456
241,blue,1391.86,688.84,1380,677,23,23,423
241,blue,227.53,889.29,224,881,8,15,85
242,red,880.48,663.83,876,658,11,11,71
242,blue,553.07,684.85,541,673,24,23,451
242,blue,1391.85,688.78,1380,677,23,23,424
242,blue,227.53,889.29,224,881,8,15,85
243,blue,553.09,684.45,541,672,24,24,465
243,blue,1391.93,688.75,1380,677,23,23,424
243,blue,227.48,889.65,224,882,8,14,81
244,blue,553.06,684.78,541,672,24,24,456
244,blue,1392.03,688.76,1380,677,23,23,422
244,blue,227.51,889.60,224,882,8,14,82
245,blue,553.20,684.53,541,672,24,24,465
245,blue,1392.05,688.81,1380,677,23,23,418
245,blue,227.60,889.26,224,881,8,15,87
246,red,855.80,650.95,852,647,10,9,60
246,blue,553.14,684.82,541,672,24,24,455
246,blue,1392.13,688.98,1380,677,24,23,416
246,blue,227.55,889.63,224,882,8,14,83
247,blue,553.12,684.47,541,672,24,24,465
247,blue,1392.14,688.84,1380,677,24,23,422
247,blue,227.57,889.33,224,881,8,15,86
248,red,841.19,642.71,838,636,9,14,86
248,blue,553.30,684.51,541,672,24,24,463
248,blue,1392.33,688.99,1381,677,23,23,412
248,blue,227.51,889.60,224,882,8,14,82
249,red,829.25,640.49,825,634,11,14,97
249,blue,553.09,684.86,541,673,24,23,442
249,blue,1392.11,689.33,1381,677,22,24,415
249,blue,227.48,889.65,224,882,8,14,81
250,red,820.42,633.65,815,627,12,14,122
250,blue,552.92,684.90,540,673,25,23,441
250,blue,1392.13,689.04,1381,677,22,24,415
250,blue,227.54,889.38,224,881,8,15,85
251,red,808.50,629.37,802,621,13,19,150
251,blue,553.02,684.97,540,673,25,23,445
251,blue,1392.11,689.25,1380,677,24,24,423
251,blue,227.69,889.35,224,881,8,15,89
252,red,791.77,627.12,784,618,17,20,217
252,blue,552.76,685.01,540,673,25,23,452
252,blue,1392.21,689.16,1381,677,23,24,419
252,blue,227.69,889.35,224,881,8,15,89
253,red,775.27,628.00,767,620,17,18,209
253,blue,553.01,684.94,541,673,24,23,441
253,blue,1392.03,688.86,1381,677,22,23,414
253,blue,227.69,889.35,224,881,8,15,89
254,blue,553.01,685.20,541,673,24,24,450
254,blue,1392.32,689.18,1381,677,23,24,423
254,blue,227.69,889.35,224,881,8,15,89
255,blue,553.03,685.16,542,673,23,24,446
255,blue,1392.06,689.19,1381,677,23,24,423
255,blue,227.69,889.35,224,881,8,15,89
256,blue,553.00,685.16,542,673,23,24,447
256,blue,1391.81,689.28,1381,677,22,24,413
256,blue,227.69,889.35,224,881,8,15,89
257,red,700.71,646.08,693,635,17,22,254
257,blue,553.07,685.17,542,673,23,24,444
257,blue,1391.82,689.15,1381,677,22,23,408
257,blue,227.69,889.35,224,881,8,15,89
258,red,680.27,652.02,673,641,15,23,271
258,blue,553.14,685.15,542,673,23,24,442
258,blue,1391.78,689.47,1381,677,22,24,417
258,blue,227.71,889.29,224,881,8,15,90
259,red,659.55,658.46,654,648,12,23,231
259,blue,649.27,480.03,646,471,8,18,60
259,blue,553.07,685.05,542,673,23,24,441
259,blue,1391.87,689.54,1381,677,22,24,413
259,blue,227.75,889.27,224,881,8,15,91
260,red,641.73,659.56,636,651,12,22,177
260,blue,641.10,482.57,637,474,9,18,69
260,blue,552.52,685.29,539,673,25,24,458
260,blue,1391.75,689.57,1381,677,22,24,420
260,blue,227.69,889.35,224,881,8,15,89
261,red,630.26,660.52,625,652,11,21,153
261,blue,552.68,685.35,539,673,26,24,454
261,blue,1391.85,689.47,1381,677,22,24,421
261,blue,227.75,889.27,224,881,8,15,91
262,red,623.45,664.26,617,654,13,23,196
262,blue,552.66,685.27,539,673,25,24,452
262,blue,1392.06,689.31,1381,677,23,24,425
262,blue,227.75,889.27,224,881,8,15,91
263,red,620.43,666.10,607,659,23,20,288
263,blue,552.62,685.22,539,673,25,24,453
263,blue,1391.77,689.17,1380,677,23,24,420
263,blue,227.75,889.27,224,881,8,15,91
264,red,620.35,666.00,605,658,26,22,325
264,blue,552.57,685.19,539,673,25,24,451
264,blue,1391.83,689.05,1380,677,24,23,419
264,blue,227.75,889.27,224,881,8,15,91
265,red,617.59,665.36,603,657,25,22,304
265,blue,552.44,685.16,539,673,25,24,454
265,blue,1391.81,688.98,1380,677,23,23,420
265,blue,227.75,889.27,224,881,8,15,91
266,red,617.18,664.76,605,656,22,22,307
266,blue,589.77,486.85,587,481,7,13,62
266,blue,552.19,685.04,539,673,25,23,455
266,blue,1391.81,688.94,1380,677,23,23,420
266,blue,227.75,889.27,224,881,8,15,91
267,red,616.61,664.99,603,656,24,22,347
267,blue,584.05,485.86,580,476,9,21,100
267,blue,552.09,685.00,539,673,25,23,455
267,blue,1391.61,689.07,1380,677,23,23,417
267,blue,227.64,889.28,224,881,8,15,88
268,red,615.42,665.77,601,657,25,21,354
268,blue,577.89,490.23,573,477,11,29,128
268,blue,612.84,500.13,605,485,17,33,223
268,blue,552.62,684.97,540,673,25,23,445
268,blue,1391.72,689.08,1380,677,23,23,415
268,blue,227.71,889.29,224,881,8,15,90
269,red,614.86,665.78,600,656,26,22,368
269,blue,572.90,493.27,568,481,11,28,128
269,blue,611.54,505.07,596,481,35,68,754
269,blue,552.72,684.86,540,673,25,23,442
269,blue,1391.65,689.05,1380,677,23,23,415
269,blue,227.61,889.34,224,881,8,15,87
270,red,614.50,664.45,600,656,26,21,311
270,blue,611.78,503.29,596,479,37,66,1157
270,blue,570.19,490.54,567,485,8,13,84
270,blue,634.22,545.65,631,540,7,13,82
270,blue,552.61,684.85,540,673,25,23,441
270,blue,1391.56,689.17,1380,677,23,23,415
270,blue,227.57,889.33,224,881,8,15,86
271,red,613.30,665.58,599,656,27,21,375
271,blue,609.64,509.13,590,477,43,84,1815
271,blue,621.50,540.50,614,537,16,8,128
271,blue,552.72,684.74,540,672,25,24,447
271,blue,1391.53,689.33,1380,677,23,24,418
271,blue,227.61,889.34,224,881,8,15,87
272,red,610.19,662.53,599,657,25,14,210
272,blue,606.82,510.71,587,475,44,81,2008
272,blue,552.54,684.52,540,672,25,24,453
272,blue,1391.57,689.21,1380,677,23,24,421
272,blue,227.25,889.88,224,883,7,13,73
273,red,608.61,663.89,598,657,23,16,215
273,blue,604.83,510.23,584,474,53,78,2119
273,blue,552.63,684.57,541,672,24,24,446
273,blue,1391.53,689.08,1380,677,23,23,416
273,blue,227.28,889.84,224,883,7,13,74
274,blue,602.02,510.02,582,474,52,79,2217
274,blue,552.49,684.86,541,673,24,23,439
274,blue,1391.44,689.06,1380,677,23,23,419
274,blue,227.21,890.17,224,884,7,12,70
275,blue,598.09,512.14,580,474,41,81,2167
275,blue,553.10,551.10,551,542,5,20,87
275,blue,552.57,685.00,541,673,24,23,442
275,blue,1391.67,689.06,1380,677,23,23,414
275,blue,227.46,889.95,224,883,8,13,78
276,blue,594.40,513.67,574,476,49,82,2242
276,blue,552.77,684.96,541,673,24,23,449
276,blue,1391.67,689.07,1380,677,23,23,411
276,blue,227.52,889.68,224,882,8,14,82
277,red,608.54,663.99,598,655,23,20,294
277,blue,592.84,515.21,571,478,51,85,2430
277,blue,552.61,684.88,541,673,24,23,440
277,blue,1391.73,689.24,1381,677,22,24,414
277,blue,227.54,889.38,224,881,8,15,85
278,red,607.05,663.89,596,655,24,21,340
278,blue,592.63,499.65,568,481,54,50,1168
278,blue,573.49,554.74,565,540,25,27,340
278,blue,550.08,685.14,541,673,18,25,331
278,blue,1391.88,689.26,1381,677,22,24,412
278,blue,227.50,889.35,224,881,8,15,84
279,red,605.79,663.28,594,654,26,22,336
279,blue,585.22,502.26,563,484,49,47,1024
279,blue,566.41,558.26,559,540,23,32,329
279,blue,546.68,684.03,541,673,11,21,143
279,blue,1391.61,689.38,1380,677,23,24,420
279,blue,227.51,889.42,224,881,8,15,84
280,red,604.37,663.12,593,653,25,23,380
280,blue,579.78,501.04,559,487,47,44,741
280,blue,562.36,562.28,555,546,19,28,282
280,blue,545.98,685.40,542,675,8,19,94
280,blue,1391.38,689.23,1380,677,23,24,425
280,blue,227.62,889.40,224,881,8,15,87
281,red,602.42,662.52,592,652,24,23,362
281,blue,573.86,508.53,554,488,44,68,955
281,blue,559.30,569.19,552,563,20,15,170
281,blue,1391.47,689.42,1380,677,23,24,433
281,blue,227.54,889.38,224,881,8,15,85
282,red,600.25,660.95,591,651,22,23,318
282,blue,569.48,516.51,550,489,48,89,1021
282,blue,1391.51,689.32,1380,677,23,24,436
282,blue,227.54,889.38,224,881,8,15,85
283,red,596.15,659.27,588,649,21,23,283
283,blue,560.80,523.63,547,491,39,87,894
283,blue,1391.64,689.64,1380,678,23,23,425
283,blue,227.50,889.35,224,881,8,15,84
284,red,589.79,656.52,582,647,18,22,221
284,blue,556.26,515.31,546,492,29,63,362
284,blue,554.27,564.89,545,548,21,30,270
284,blue,1392.00,689.70,1381,678,23,23,426
284,blue,227.47,889.39,224,881,8,15,83
285,red,585.77,654.94,581,648,11,16,121
285,blue,547.63,535.04,545,525,5,19,67
285,blue,554.21,563.41,543,547,23,31,286
285,blue,1391.39,689.60,1380,678,23,23,426
285,blue,227.50,889.35,224,881,8,15,84
286,blue,557.20,561.88,546,543,23,32,217
286,blue,1391.61,689.40,1380,678,23,22,412
286,blue,227.50,889.35,224,881,8,15,84
287,blue,560.33,564.73,552,543,17,35,221
287,blue,1391.32,689.27,1380,677,23,24,425
287,blue,227.54,889.38,224,881,8,15,85
288,red,568.81,597.43,567,591,5,15,63
288,blue,562.94,568.10,553,550,16,29,158
288,blue,1391.66,689.09,1381,677,22,23,414
288,blue,227.54,889.38,224,881,8,15,85
289,red,567.18,598.80,564,589,8,21,125
289,blue,479.54,486.07,468,477,25,21,318
289,blue,564.99,572.52,558,567,14,12,107
289,blue,1391.17,689.36,1380,677,23,24,420
289,blue,227.54,889.38,224,881,8,15,85
290,red,565.50,601.32,563,591,6,22,120
290,red,534.37,657.68,531,648,8,21,119
290,blue,476.30,492.45,461,477,40,35,738
290,blue,1391.37,689.52,1380,677,23,24,428
290,blue,227.61,889.34,224,881,8,15,87
291,red,564.10,601.15,562,592,5,19,62
291,blue,470.03,494.46,456,478,29,35,669
291,blue,1391.34,689.50,1380,677,23,24,432
291,blue,227.58,889.40,224,881,8,15,86
292,red,506.22,677.26,495,666,23,25,384
292,blue,468.92,495.82,452,482,37,30,672
292,blue,454.94,520.80,452,515,7,14,83
292,blue,456.46,564.39,453,556,8,15,69
292,blue,1391.64,689.41,1381,677,22,24,422
292,blue,227.58,889.40,224,881,8,15,86
293,red,492.45,687.65,479,678,32,24,482
293,blue,466.09,496.14,450,481,31,32,684
293,blue,451.72,521.19,448,512,8,20,129
293,blue,453.69,558.46,449,544,13,25,127
293,blue,1391.48,689.53,1380,677,23,24,425
293,blue,227.61,889.34,224,881,8,15,87
294,red,479.39,697.80,466,685,30,26,489
294,blue,460.32,501.13,445,481,33,51,913
294,blue,449.98,558.81,445,553,12,13,91
294,blue,1391.58,689.43,1381,677,22,24,423
294,blue,227.58,889.40,224,881,8,15,86
295,red,465.35,707.78,453,698,28,21,329
295,blue,456.35,499.80,442,478,36,53,922
295,blue,449.01,562.61,440,553,18,19,167
295,blue,1391.15,689.28,1380,677,23,24,429
295,blue,227.61,889.34,224,881,8,15,87
296,red,454.21,712.54,447,703,15,21,224
296,blue,452.44,498.67,436,481,34,35,704
296,blue,446.02,565.18,436,556,19,19,136
296,blue,1391.38,689.28,1380,677,23,24,418
296,blue,227.65,889.35,224,881,8,15,88
297,red,422.20,441.08,419,436,8,12,60
297,red,448.02,713.82,439,707,22,16,175
297,blue,448.51,497.29,431,480,38,37,686
297,blue,1391.41,689.20,1380,677,23,24,422
297,blue,227.65,889.35,224,881,8,15,88
298,red,436.07,716.92,432,709,8,16,80
298,blue,440.17,498.18,426,484,35,37,560
298,blue,1391.22,689.13,1380,677,23,24,426
298,blue,227.65,889.35,224,881,8,15,88
299,red,433.20,720.09,426,712,12,14,80
299,blue,432.13,500.94,421,487,33,36,340
299,blue,1391.90,689.24,1381,677,22,24,422
299,blue,227.65,889.35,224,881,8,15,88
300,red,434.59,723.37,427,715,13,15,99
300,blue,429.00,505.30,415,489,38,35,556
300,blue,1391.39,689.05,1380,677,23,23,416
300,blue,227.65,889.35,224,881,8,15,88
301,red,433.46,724.36,424,716,15,15,127
301,blue,420.41,507.93,409,491,37,42,397
301,blue,1391.36,689.03,1380,677,23,23,417
301,blue,227.71,889.29,224,881,8,15,90
302,red,431.31,725.09,423,716,14,16,114
302,blue,408.30,509.22,403,492,13,41,220
302,blue,1391.39,689.16,1380,677,23,24,418
302,blue,560.79,690.04,557,685,8,11,67
302,blue,227.71,889.29,224,881,8,15,90
303,red,433.03,726.49,424,718,15,15,139
303,blue,402.14,505.93,399,494,8,27,143
303,blue,559.12,686.90,555,675,10,21,138
303,blue,1391.37,689.14,1380,677,23,24,419
303,blue,227.69,889.35,224,881,8,15,89
304,red,433.16,726.61,424,718,15,16,134
304,blue,394.82,505.46,392,495,7,25,104
304,blue,557.52,684.47,551,674,14,22,215
304,blue,1391.17,689.08,1380,677,23,23,421
304,blue,227.69,889.35,224,881,8,15,89
305,red,432.38,726.18,421,718,25,16,157
305,blue,556.53,683.41,548,673,17,23,277
305,blue,1391.38,689.17,1380,677,23,24,420
305,blue,227.53,889.29,224,881,8,15,85
306,red,436.41,725.67,420,718,32,17,260
306,blue,384.16,511.97,381,508,8,11,62
306,blue,553.07,685.07,541,673,24,23,439
306,blue,1391.55,689.09,1381,677,22,23,417
306,blue,227.61,889.34,224,881,8,15,87
307,red,436.25,725.79,419,716,33,22,354
307,blue,380.33,512.41,377,504,8,20,93
307,blue,552.03,685.52,535,673,30,23,469
307,blue,1391.57,689.18,1381,677,22,23,416
307,blue,227.75,889.27,224,881,8,15,91
308,red,436.08,726.18,419,716,33,21,417
308,blue,376.42,511.58,373,500,9,28,191
308,blue,553.01,684.91,542,673,23,23,435
308,blue,1391.69,689.43,1381,677,22,24,415
308,blue,227.64,889.28,224,881,8,15,88
309,red,435.93,727.83,416,717,35,22,491
309,blue,497.45,515.52,486,505,24,19,206
309,blue,373.25,513.46,369,507,11,18,126
309,blue,553.09,684.91,542,673,23,23,438
309,blue,1391.71,689.46,1381,677,22,24,414
309,blue,227.64,889.28,224,881,8,15,88
310,red,436.47,728.96,415,716,36,27,632
310,blue,490.81,510.13,478,503,28,13,173
310,blue,553.02,684.88,542,673,23,23,435
310,blue,1391.67,689.12,1381,677,22,23,413
310,blue,227.75,889.27,224,881,8,15,91
311,red,434.75,730.87,415,718,37,27,763
311,blue,493.42,518.51,470,503,40,38,554
311,blue,501.50,571.15,489,548,24,40,316
311,blue,553.09,684.88,542,673,23,23,440
311,blue,1391.48,689.34,1381,677,22,24,417
311,blue,227.75,889.27,224,881,8,15,91
312,red,431.87,733.09,415,719,35,28,471
312,blue,484.43,516.91,462,501,44,31,709
312,blue,358.52,586.88,357,579,4,17,67
312,blue,553.00,684.88,542,673,23,23,434
312,blue,1391.54,689.33,1381,677,22,24,418
312,blue,227.75,889.27,224,881,8,15,91
313,red,428.76,733.48,415,720,27,26,377
313,blue,470.78,511.23,451,500,40,21,425
313,blue,358.94,592.54,355,580,11,22,140
313,blue,553.03,684.86,542,673,23,23,436
313,blue,1391.69,689.07,1381,677,22,23,417
313,blue,227.75,889.27,224,881,8,15,91
314,red,427.57,732.59,414,720,28,26,492
314,blue,468.17,504.28,462,500,12,9,78
314,blue,483.79,511.79,478,508,13,8,96
314,blue,357.51,602.25,354,594,10,16,63
314,blue,553.00,684.84,542,673,23,23,436
314,blue,1391.62,689.27,1381,677,22,24,424
314,blue,227.64,889.28,224,881,8,15,88
315,red,426.80,733.68,413,721,28,26,491
315,blue,486.65,563.05,484,557,8,13,75
315,blue,552.98,684.85,542,673,23,23,434
315,blue,1391.67,689.30,1381,677,22,24,425
315,blue,227.82,889.22,224,881,8,15,93
316,red,426.03,734.21,413,722,25,26,470
316,blue,553.03,684.86,542,673,23,23,436
316,blue,1391.63,689.26,1381,677,22,24,420
316,blue,227.82,889.22,224,881,8,15,93
317,red,428.87,734.71,423,722,13,27,233
317,blue,355.04,600.46,353,589,6,24,74
317,blue,553.05,684.88,542,673,23,23,437
317,blue,1391.59,689.31,1381,677,22,24,421
317,blue,227.78,889.25,224,881,8,15,92
318,red,428.89,733.26,423,723,13,22,173
318,blue,552.95,684.89,542,673,23,23,432
318,blue,1391.50,689.03,1381,677,22,23,416
318,blue,227.67,889.29,224,881,8,15,89
319,red,427.79,732.45,419,722,16,26,269
319,blue,552.96,684.87,542,673,23,23,435
319,blue,1391.58,689.29,1381,677,22,24,420
319,blue,227.64,889.28,224,881,8,15,88
320,red,426.50,731.55,416,719,19,29,339
320,blue,553.05,684.88,542,673,23,23,437
320,blue,1391.67,689.24,1381,677,22,24,412
320,blue,227.75,889.27,224,881,8,15,91
321,red,422.82,729.14,412,717,20,28,370
321,blue,345.00,513.41,343,506,5,17,66
321,blue,552.96,684.87,542,673,23,23,437
321,blue,1391.59,689.31,1381,677,22,24,419
321,blue,227.72,889.33,224,881,8,15,90
322,red,418.66,726.77,408,715,21,28,381
322,blue,343.56,515.28,341,505,6,22,79
322,blue,552.96,684.87,542,673,23,23,437
322,blue,1391.62,689.16,1381,677,22,24,413
322,blue,227.75,889.27,224,881,8,15,91
323,red,415.18,723.28,404,711,22,28,415
323,blue,553.05,684.88,542,673,23,23,437
323,blue,1391.59,688.97,1381,677,22,23,412
323,blue,227.78,889.25,224,881,8,15,92
324,red,411.73,722.55,402,708,19,31,404
324,blue,553.05,684.88,542,673,23,23,437
324,blue,1391.57,689.37,1381,677,22,24,415
324,blue,227.75,889.27,224,881,8,15,91
325,red,473.51,645.98,471,633,6,27,83
325,red,409.08,724.83,400,711,17,31,335
325,blue,553.05,684.88,542,673,23,23,437
325,blue,1391.56,689.08,1381,677,22,23,410
325,blue,227.84,889.15,224,881,8,15,94
326,red,474.86,648.78,472,634,7,27,115
326,red,408.33,731.71,404,720,9,27,163
326,blue,363.53,514.70,341,496,56,35,1061
326,blue,336.35,613.58,330,603,19,23,168
326,blue,553.00,684.87,542,673,23,23,435
326,blue,1391.68,689.01,1381,677,22,23,412
326,blue,227.82,889.22,224,881,8,15,93
327,red,475.32,656.59,473,650,7,14,76
327,red,399.04,741.68,386,728,23,32,408
327,blue,359.00,513.43,343,494,37,37,1038
327,blue,339.12,606.64,332,588,17,35,187
327,blue,553.01,684.88,542,673,23,23,439
327,blue,1391.65,688.99,1381,677,22,23,413
327,blue,227.82,889.22,224,881,8,15,93
328,red,475.29,650.94,473,635,7,30,129
328,red,394.46,755.99,381,740,25,35,573
328,blue,359.73,512.12,342,492,39,50,964
328,blue,343.75,611.91,334,603,22,18,224
328,blue,553.05,684.88,542,673,23,23,437
328,blue,1391.69,688.99,1381,677,22,23,414
328,blue,227.77,889.21,224,881,8,15,92
329,red,475.45,649.94,473,633,7,32,158
329,red,388.34,768.25,376,755,26,31,551
329,blue,361.02,510.49,342,490,42,50,1225
329,blue,348.90,613.34,336,607,25,13,188
329,blue,553.11,684.86,542,673,23,23,439
329,blue,1391.67,689.04,1381,677,22,23,410
329,blue,227.75,889.27,224,881,8,15,91
330,red,475.21,650.74,473,635,6,31,130
330,red,386.54,779.44,375,766,26,33,599
330,blue,360.74,511.28,341,491,41,48,1301
330,blue,354.02,614.40,340,609,26,12,181
330,blue,552.29,684.85,534,673,31,23,462
330,blue,1391.72,688.95,1381,677,22,23,411
330,blue,227.75,889.27,224,881,8,15,91
331,red,475.19,651.72,473,637,5,29,103
331,red,381.66,787.17,355,774,46,30,765
331,blue,356.59,521.25,343,495,38,80,1069
331,blue,362.64,617.32,357,611,12,16,145
331,blue,552.99,684.84,541,673,24,23,442
331,blue,1391.65,688.97,1381,677,22,23,411
331,blue,227.77,889.21,224,881,8,15,92
332,red,475.18,653.18,473,640,5,26,92
332,red,379.02,795.35,353,781,51,37,963
332,blue,352.42,547.36,345,500,25,106,987
332,blue,553.11,684.86,542,673,23,23,441
332,blue,1391.62,689.18,1381,677,22,24,413
332,blue,227.77,889.21,224,881,8,15,92
333,red,378.84,801.05,354,786,54,38,1065
333,blue,361.05,516.16,358,509,7,14,87
333,blue,350.81,558.57,345,518,14,77,657
333,blue,357.96,610.84,354,603,8,16,67
333,blue,552.80,684.92,541,673,24,23,445
333,blue,1391.64,688.98,1381,677,22,23,416
333,blue,227.97,889.30,224,881,9,15,97
334,red,492.08,313.85,488,310,10,9,61
334,red,383.92,806.11,360,791,51,35,973
334,blue,348.98,534.11,347,527,5,15,66
334,blue,552.83,684.97,541,673,24,23,445
334,blue,1391.89,689.05,1381,677,23,23,422
334,blue,227.87,889.37,224,881,9,15,94
335,red,392.23,806.04,363,793,56,28,1004
335,red,371.72,823.78,366,817,11,15,83
335,blue,552.91,684.97,541,673,24,23,448
335,blue,1391.70,689.10,1380,677,23,23,423
335,blue,227.91,889.36,224,881,9,15,95
336,red,389.83,809.53,365,792,54,40,1237
336,blue,353.85,617.15,352,611,5,14,65
336,blue,552.70,684.90,541,673,24,23,441
336,blue,1391.60,689.17,1380,677,24,23,425
336,blue,227.74,889.22,224,881,8,15,91
337,red,392.47,809.22,365,793,55,41,1172
337,blue,356.21,621.57,354,611,7,20,75
337,blue,552.72,684.91,541,673,24,23,444
337,blue,1391.50,689.12,1380,677,23,23,421
337,blue,227.74,889.22,224,881,8,15,91
338,red,391.48,810.85,364,793,56,41,1107
338,blue,358.00,627.77,356,619,6,19,77
338,blue,552.68,684.97,541,673,24,24,444
338,blue,1391.52,689.14,1380,677,23,23,420
338,blue,227.89,889.29,224,881,9,15,95
339,red,399.05,809.83,380,794,37,31,752
339,red,366.97,814.66,362,800,15,33,241
339,blue,552.57,684.86,541,673,23,23,439
339,blue,1391.21,689.20,1380,677,23,23,428
339,blue,227.67,889.29,224,881,8,15,89
340,red,400.18,809.41,382,794,35,31,728
340,red,365.97,816.10,362,801,11,32,195
340,blue,552.65,685.01,541,673,24,24,444
340,blue,1391.56,689.16,1380,677,23,23,422
340,blue,227.67,889.29,224,881,8,15,89
341,red,400.71,809.26,381,794,36,30,710
341,red,367.81,816.92,362,801,13,32,233
341,blue,552.80,684.85,541,673,24,23,436
341,blue,1391.45,689.12,1380,677,23,23,423
341,blue,227.67,889.29,224,881,8,15,89
342,red,402.05,809.39,384,794,35,30,670
342,red,367.23,815.95,363,801,10,32,235
342,blue,360.09,535.46,357,523,8,27,130
342,blue,401.55,633.52,393,627,20,16,176
342,blue,454.64,647.23,448,643,13,9,96
342,blue,554.44,685.57,544,673,21,23,352
342,blue,1391.44,689.15,1380,677,23,23,422
342,blue,227.67,889.29,224,881,8,15,89
343,red,403.14,809.72,385,795,34,29,664
343,red,366.99,815.11,363,801,11,31,170
343,blue,362.89,552.20,361,541,5,22,89
343,blue,1391.64,689.14,1380,677,24,23,429
343,blue,558.10,688.47,550,678,15,18,152
343,blue,227.67,889.29,224,881,8,15,89
344,red,403.72,810.03,386,795,33,29,639
344,red,366.79,813.08,363,801,9,27,134
344,blue,368.02,540.52,366,531,5,20,81
344,blue,1391.44,689.11,1380,677,23,23,424
344,blue,227.67,889.29,224,881,8,15,89
345,red,404.95,809.34,389,795,31,28,599
345,red,367.10,812.48,364,801,8,27,124
345,blue,370.92,529.27,367,523,11,15,120
345,blue,1391.42,689.09,1380,677,23,23,423
345,blue,227.67,889.29,224,881,8,15,89
346,red,358.90,461.09,355,455,8,12,81
346,red,405.58,809.60,390,795,30,28,577
346,red,367.68,809.77,364,802,9,21,79
346,blue,1391.28,689.10,1380,677,23,23,428
346,blue,227.67,889.29,224,881,8,15,89
347,red,375.87,455.82,369,448,16,16,212
347,red,405.58,809.90,390,795,30,29,613
347,blue,1391.28,689.12,1380,677,23,23,427
347,blue,227.67,889.29,224,881,8,15,89
348,red,397.96,453.87,391,446,16,16,219
348,red,406.05,810.19,391,795,29,29,596
348,red,368.35,813.03,365,801,8,26,93
348,blue,1391.60,689.03,1380,677,23,23,426
348,blue,227.67,889.29,224,881,8,15,89
349,red,423.48,453.12,418,446,12,15,120
349,red,407.51,810.02,392,796,29,28,558
349,blue,1391.59,689.18,1381,677,22,24,425
349,blue,227.67,889.29,224,881,8,15,89
350,red,447.18,454.18,442,448,12,14,110
350,red,408.85,810.60,394,796,28,29,553
350,blue,1391.27,689.57,1380,677,23,24,434
350,blue,545.54,688.39,541,680,9,16,109
350,blue,227.67,889.29,224,881,8,15,89
351,red,469.88,456.34,465,450,11,14,98
351,red,410.83,810.55,396,796,27,29,521
351,red,374.67,806.75,371,799,10,14,76
351,blue,548.44,685.27,541,673,15,23,237
351,blue,1391.60,689.34,1380,677,24,24,432
351,blue,227.67,889.29,224,881,8,15,89
352,red,491.89,459.24,487,453,11,14,89
352,red,412.43,811.05,398,797,26,28,520
352,blue,552.64,684.50,542,673,20,23,400
352,blue,1391.82,689.24,1381,677,23,24,434
352,blue,227.85,889.44,224,881,9,15,93
353,red,513.63,463.13,509,457,10,14,78
353,red,413.86,810.91,400,797,26,29,525
353,blue,553.08,684.87,542,673,23,23,435
353,blue,1391.66,689.49,1380,677,24,24,435
353,blue,227.71,889.29,224,881,8,15,90
354,red,533.60,467.45,529,461,11,14,82
354,red,416.23,810.00,402,796,27,29,509
354,blue,552.98,684.88,541,673,24,23,439
354,blue,1391.62,689.41,1380,677,24,24,437
354,blue,227.71,889.29,224,881,8,15,90
355,red,551.49,471.19,546,464,12,15,106
355,red,420.37,808.64,409,795,23,30,475
355,blue,458.73,651.70,452,646,15,13,101
355,blue,553.05,684.88,542,673,23,23,435
355,blue,1391.50,689.39,1380,677,23,24,433
355,blue,227.71,889.29,224,881,8,15,90
356,red,568.66,474.54,563,467,13,16,128
356,red,425.87,807.03,416,795,20,27,390
356,blue,469.93,652.54,463,647,16,12,112
356,blue,553.07,684.88,542,673,23,23,435
356,blue,1391.77,689.43,1381,677,23,24,429
356,blue,227.74,889.22,224,881,8,15,91
357,red,584.26,476.69,579,468,13,17,140
357,red,434.28,803.81,425,792,19,25,300
357,blue,485.56,651.31,480,647,12,9,68
357,blue,553.68,685.72,543,675,21,21,369
357,blue,1391.78,689.38,1380,677,24,24,427
357,blue,227.71,889.29,224,881,8,15,90
358,red,598.54,477.75,593,469,14,19,161
358,red,447.58,801.38,441,791,14,23,205
358,blue,1391.83,689.66,1380,677,24,24,435
358,blue,227.71,889.29,224,881,8,15,90
359,red,611.19,478.38,606,469,14,20,174
359,red,465.48,796.08,461,787,12,21,143
359,blue,1391.64,689.45,1380,677,23,24,426
359,blue,227.71,889.29,224,881,8,15,90
360,red,623.92,478.39,619,469,13,19,153
360,blue,1391.73,689.58,1381,677,22,24,420
360,blue,227.67,889.29,224,881,8,15,89
361,red,635.01,477.61,630,468,13,20,173
361,red,670.59,661.66,664,656,14,10,93
361,blue,552.15,678.27,544,673,18,14,165
361,blue,1391.62,689.25,1380,677,23,23,414
361,blue,227.67,889.29,224,881,8,15,89
362,red,645.15,477.62,640,468,13,20,176
362,red,538.04,777.37,533,772,11,13,79
362,blue,570.99,571.50,568,558,7,28,112
362,blue,552.54,684.60,541,673,24,24,416
362,blue,1391.60,689.55,1380,677,23,24,423
362,blue,227.65,889.35,224,881,8,15,88
363,red,652.99,476.15,647,467,14,20,175
363,blue,553.23,685.13,542,673,23,24,444
363,blue,1391.71,689.59,1380,677,23,24,427
363,blue,227.65,889.35,224,881,8,15,88
364,red,659.72,474.56,655,465,13,20,172
364,red,591.54,779.46,581,769,21,21,195
364,blue,553.01,685.17,541,673,24,24,451
364,blue,1391.71,689.44,1380,677,23,24,428
364,blue,227.61,889.34,224,881,8,15,87
365,red,665.54,472.23,660,463,14,20,177
365,red,617.80,783.22,594,773,56,22,664
365,blue,553.25,684.94,542,673,23,23,436
365,blue,1392.13,689.06,1380,677,24,23,421
365,blue,227.61,889.34,224,881,8,15,87
366,red,670.83,470.94,665,462,14,19,166
366,red,651.39,789.31,632,776,40,31,744
366,blue,553.21,685.12,542,673,23,24,442
366,blue,1391.87,689.33,1381,677,22,24,425
366,blue,227.61,889.34,224,881,8,15,87
367,red,674.99,469.55,670,460,13,20,159
367,red,775.00,660.96,767,653,17,14,104
367,red,693.29,668.53,690,661,8,17,114
367,red,686.59,798.55,670,784,34,34,706
367,blue,553.21,685.12,542,673,23,24,442
367,blue,1392.15,689.33,1381,677,23,24,424
367,blue,227.61,889.34,224,881,8,15,87
368,red,679.59,469.36,674,460,13,20,165
368,red,786.24,662.84,776,649,22,26,283
368,red,697.43,671.96,692,664,10,15,101
368,red,725.47,809.55,712,795,30,35,686
368,blue,553.28,685.16,542,673,23,24,443
368,blue,1392.18,689.17,1381,677,23,23,424
368,blue,227.64,889.28,224,881,8,15,88
369,red,683.29,469.96,678,461,12,19,158
369,red,804.33,650.78,800,645,11,12,102
369,red,764.05,819.19,753,803,27,37,738
369,blue,553.09,685.17,541,673,24,24,449
369,blue,1392.16,689.67,1381,677,23,24,433
369,blue,227.64,889.28,224,881,8,15,88
370,red,687.36,470.86,683,462,11,17,145
370,red,814.19,652.87,808,645,13,21,134
370,red,801.09,824.67,790,808,30,37,658
370,blue,553.20,685.13,542,673,23,24,442
370,blue,1392.17,689.35,1381,677,23,24,428
370,blue,227.71,889.29,224,881,8,15,90
371,red,691.37,472.83,687,464,11,18,153
371,red,820.52,660.88,813,651,17,23,161
371,red,836.13,823.66,822,805,37,38,783
371,blue,553.15,685.05,542,673,23,24,440
371,blue,1392.17,689.31,1381,677,23,24,428
371,blue,227.67,889.29,224,881,8,15,89
372,red,696.89,476.17,692,467,11,18,149
372,red,831.06,679.00,827,674,8,11,62
372,red,864.65,822.00,849,804,39,37,829
372,blue,553.18,685.07,542,673,23,24,445
372,blue,1392.12,689.38,1381,677,23,24,430
372,blue,227.64,889.28,224,881,8,15,88
373,red,703.64,480.07,699,470,11,19,159
373,red,884.13,820.84,869,801,37,39,879
373,blue,553.21,685.10,542,673,23,24,445
373,blue,1392.10,689.36,1381,677,23,24,429
373,blue,227.61,889.34,224,881,8,15,87
374,red,711.79,484.45,707,475,11,19,166
374,red,895.68,820.94,880,800,36,40,878
374,blue,553.18,685.08,542,673,23,24,442
374,blue,1392.12,689.11,1381,677,23,23,426
374,blue,227.57,889.33,224,881,8,15,86
375,red,721.56,489.25,717,480,11,18,176
375,red,900.38,823.51,884,802,34,42,853
375,blue,553.14,685.11,542,673,23,24,443
375,blue,1392.06,689.35,1381,677,23,24,431
375,blue,227.57,889.33,224,881,8,15,86
376,red,732.88,493.74,728,484,12,19,183
376,red,866.45,687.76,858,681,17,15,160
376,red,904.31,824.17,889,802,33,43,851
376,blue,553.05,685.10,541,673,24,24,449
376,blue,1392.10,689.58,1381,677,23,24,430
376,blue,227.54,889.91,224,883,8,13,80
377,red,747.23,488.30,741,467,15,38,314
377,red,875.47,682.70,871,677,9,12,74
377,red,905.52,823.88,890,802,35,43,849
377,blue,553.05,685.12,541,673,24,24,449
377,blue,1392.10,689.51,1381,677,23,24,431
377,blue,227.57,889.33,224,881,8,15,86
378,red,763.94,488.15,758,467,15,38,327
378,red,905.87,824.40,891,803,34,42,873
378,blue,553.15,685.10,542,673,23,24,447
378,blue,1392.03,689.40,1381,677,23,24,428
378,blue,227.57,889.33,224,881,8,15,86
379,red,784.26,486.27,778,467,15,38,378
379,red,907.70,823.39,892,803,35,41,901
379,blue,552.93,685.07,541,673,24,24,446
379,blue,1391.98,689.38,1381,677,23,24,429
379,blue,227.61,889.34,224,881,8,15,87
380,red,806.50,486.99,801,468,13,38,363
380,red,908.73,823.13,895,802,32,42,847
380,blue,552.93,684.96,541,673,24,23,441
380,blue,1392.03,689.27,1381,677,23,24,423
380,blue,227.54,889.38,224,881,8,15,85
381,red,830.72,489.67,826,469,11,39,332
381,red,910.12,822.46,895,802,34,42,874
381,blue,553.02,684.93,541,673,24,23,443
381,blue,1392.06,689.06,1381,677,23,23,422
381,blue,227.61,889.34,224,881,8,15,87
382,red,857.50,494.75,853,471,11,38,228
382,red,912.16,821.60,896,802,38,42,943
382,blue,553.18,685.09,542,673,23,24,442
382,blue,1392.18,689.46,1381,678,23,23,420
382,blue,227.57,889.33,224,881,8,15,86
383,red,884.69,492.15,880,471,12,37,251
383,red,913.50,821.41,898,802,34,42,927
383,blue,553.10,684.97,541,673,24,23,443
383,blue,1392.09,689.03,1381,677,23,23,423
383,blue,227.58,889.56,224,882,8,14,84
384,red,913.64,495.25,908,486,12,19,160
384,red,922.91,682.05,918,676,14,13,91
384,red,915.67,820.95,900,802,36,42,949
384,blue,553.05,685.08,541,673,24,24,449
384,blue,1392.23,689.28,1381,677,23,24,420
384,blue,227.55,889.63,224,882,8,14,83
385,red,941.37,489.08,936,480,13,19,162
385,red,916.73,820.65,901,802,34,41,900
385,blue,553.07,685.02,541,673,24,23,444
385,blue,1392.04,689.33,1381,677,23,24,425
385,blue,227.60,889.26,224,881,8,15,87
386,red,968.79,480.12,962,472,15,17,154
386,red,918.14,819.98,904,802,34,41,888
386,blue,552.99,684.92,541,673,24,23,440
386,blue,1392.00,689.32,1381,677,23,24,424
386,blue,227.57,889.33,224,881,8,15,86
387,red,992.82,469.59,985,462,16,18,165
387,red,919.86,819.09,906,800,33,42,871
387,blue,553.13,684.94,542,673,23,23,437
387,blue,1391.97,689.02,1381,677,23,23,424
387,blue,227.64,889.28,224,881,8,15,88
388,red,1013.70,459.68,1006,453,16,15,139
388,red,920.74,818.93,907,800,31,42,829
388,blue,553.05,685.03,542,673,23,24,440
388,blue,1391.63,689.26,1381,677,22,23,412
388,blue,227.64,889.28,224,881,8,15,88
389,red,1030.98,450.17,1023,444,16,14,132
389,red,922.24,818.07,908,800,32,41,840
389,blue,553.09,685.06,541,673,24,24,446
389,blue,1391.71,689.37,1380,677,24,24,422
389,blue,227.64,889.28,224,881,8,15,88
390,red,1045.01,442.86,1037,437,16,14,118
390,red,1065.67,638.85,1058,631,15,16,168
390,red,923.14,817.78,909,800,31,41,838
390,blue,553.16,685.01,541,673,24,23,443
390,blue,1391.67,689.25,1380,677,24,23,419
390,blue,227.64,889.28,224,881,8,15,88
391,red,1055.59,437.89,1048,432,16,13,120
391,red,1071.33,650.72,1058,635,22,31,218
391,red,923.88,817.52,909,800,33,40,863
391,blue,553.16,685.01,541,673,24,23,443
391,blue,1391.68,689.32,1380,677,24,24,422
391,blue,227.64,889.28,224,881,8,15,88
392,red,1062.52,435.95,1054,431,16,12,122
392,red,1082.31,643.91,1079,636,7,17,81
392,red,924.87,817.03,909,800,34,40,872
392,blue,553.26,684.94,542,673,23,23,441
392,blue,1391.60,689.33,1380,677,23,24,422
392,blue,227.64,889.28,224,881,8,15,88
393,red,1065.28,437.23,1057,432,16,12,111
393,red,1094.06,679.51,1090,666,9,26,132
393,red,925.82,816.48,910,798,34,41,898
393,blue,553.26,684.94,542,673,23,23,441
393,blue,1391.82,689.33,1380,677,24,24,431
393,blue,227.64,889.28,224,881,8,15,88
394,red,1064.17,440.79,1057,436,14,11,95
394,red,1101.10,674.35,1098,654,7,37,116
394,red,926.92,815.35,911,799,36,39,904
394,blue,553.29,684.90,542,673,23,23,443
394,blue,1391.81,689.43,1380,677,24,24,431
394,blue,227.64,889.28,224,881,8,15,88
395,red,1059.44,446.88,1053,442,13,11,85
395,red,928.59,813.49,912,795,36,41,913
395,blue,553.44,684.88,542,673,23,23,439
395,blue,1391.79,689.45,1380,677,24,24,429
395,blue,227.64,889.28,224,881,8,15,88
396,red,1050.48,454.21,1045,449,12,12,75
396,red,931.23,811.16,913,794,38,38,959
396,blue,553.29,684.90,542,673,23,23,443
396,blue,1391.75,689.39,1380,677,24,24,428
396,blue,227.64,889.28,224,881,8,15,88
397,red,1036.72,460.78,1031,455,12,13,87
397,red,1117.38,686.08,1115,678,6,15,60
397,red,933.93,807.45,915,790,38,38,1003
397,blue,553.13,685.06,541,673,24,24,449
397,blue,1391.72,689.34,1380,677,24,24,427
397,blue,227.64,889.28,224,881,8,15,88
398,red,1020.72,465.76,1016,460,9,14,78
398,red,936.67,804.10,917,787,39,37,1030
398,blue,553.17,684.98,541,673,24,23,444
398,blue,1391.86,689.30,1380,677,24,24,429
398,blue,227.64,889.28,224,881,8,15,88
399,red,1003.78,466.58,1000,461,8,12,67
399,red,939.85,801.14,920,784,40,37,1052
399,blue,553.19,685.07,541,673,24,24,447
399,blue,1391.70,689.42,1380,677,24,24,436
399,blue,227.70,889.22,224,881,8,15,90
400,red,988.08,460.70,983,444,11,34,162
400,red,943.20,798.13,922,781,42,36,1088
400,blue,553.33,684.97,541,673,25,23,447
400,blue,1391.87,689.16,1380,677,24,24,430
400,blue,227.70,889.22,224,881,8,15,90
401,red,975.85,459.04,971,443,12,35,309
401,red,945.96,795.29,925,778,42,36,1148
401,blue,553.41,684.95,542,673,24,23,444
401,blue,1392.11,689.30,1381,677,23,24,433
401,blue,227.74,889.22,224,881,8,15,91
402,red,965.31,457.57,958,440,15,36,314
402,red,948.74,792.00,927,775,44,37,1237
402,blue,553.55,685.01,541,673,25,23,454
402,blue,1392.03,689.07,1381,677,23,23,427
402,blue,227.70,889.22,224,881,8,15,90
403,red,956.17,454.98,947,437,19,35,300
403,red,952.84,788.75,929,773,45,36,1106
403,blue,553.51,685.04,541,673,25,23,454
403,blue,1391.97,689.16,1380,677,24,24,434
403,blue,227.70,889.22,224,881,8,15,90
404,red,949.99,451.19,941,434,19,35,306
404,red,959.92,785.34,933,770,47,34,952
404,blue,553.83,684.95,542,673,24,23,441
404,blue,1391.99,689.05,1380,677,24,23,430
404,blue,227.70,889.22,224,881,8,15,90
405,red,1159.27,319.70,1155,314,11,11,73
405,red,946.10,446.55,937,431,19,33,268
405,red,966.38,780.61,939,766,46,36,958
405,blue,553.33,685.01,541,673,25,23,447
405,blue,1391.80,689.13,1380,677,24,23,426
405,blue,227.70,889.22,224,881,8,15,90
406,red,1160.25,320.75,1156,316,10,10,80
406,red,944.66,443.02,936,428,18,32,232
406,red,975.28,777.76,947,763,43,35,748
406,blue,981.98,570.02,977,566,12,10,61
406,blue,553.36,684.99,541,673,25,23,445
406,blue,1391.92,689.06,1380,677,24,23,428
406,blue,227.66,889.21,224,881,8,15,89
407,red,1162.05,322.25,1158,318,10,9,60
407,red,945.67,439.40,939,427,15,29,178
407,red,981.78,774.49,955,760,41,34,753
407,blue,982.26,568.78,978,558,10,22,116
407,blue,553.81,685.14,542,673,24,24,452
407,blue,1392.21,689.34,1381,677,23,24,432
407,blue,227.66,889.21,224,881,8,15,89
408,red,947.62,436.91,942,425,13,25,129
408,red,989.49,770.45,963,756,39,33,636
408,blue,553.63,684.96,542,673,24,23,451
408,blue,1392.15,689.30,1381,677,23,24,431
408,blue,227.66,889.21,224,881,8,15,89
409,red,948.42,440.42,940,425,15,29,183
409,red,998.79,767.98,989,752,19,33,531
409,red,976.11,759.03,969,755,13,13,73
409,blue,553.31,685.01,541,673,25,23,448
409,blue,1391.91,689.22,1380,677,24,24,437
409,blue,227.64,889.28,224,881,8,15,88
410,red,951.16,439.03,943,425,17,29,308
410,red,1006.53,764.04,998,747,16,35,415
410,blue,553.56,684.99,541,673,25,23,457
410,blue,1392.07,689.28,1380,677,24,24,436
410,blue,227.66,889.21,224,881,8,15,89
411,red,956.82,438.25,950,422,14,32,313
411,red,1013.83,758.68,1008,743,12,35,308
411,blue,553.23,684.94,541,673,24,23,447
411,blue,1391.82,689.08,1380,677,24,23,427
411,blue,227.64,889.28,224,881,8,15,88
412,red,962.64,439.73,956,426,14,28,298
412,red,1019.08,754.00,1013,739,12,34,292
412,blue,553.37,684.82,542,673,23,23,443
412,blue,1392.06,689.04,1380,677,24,23,430
412,blue,227.66,889.21,224,881,8,15,89
413,red,966.28,441.00,960,427,13,28,229
413,red,1022.03,750.00,1015,736,14,31,354
413,blue,553.22,684.92,541,673,24,23,446
413,blue,1391.38,689.30,1380,677,23,24,435
413,blue,227.64,889.28,224,881,8,15,88
414,red,1025.19,745.37,1017,731,17,32,423
414,blue,553.55,684.82,542,673,23,23,438
414,blue,1392.00,689.47,1380,677,24,24,431
414,blue,227.66,889.21,224,881,8,15,89
415,red,1028.39,740.92,1019,727,18,31,430
415,blue,553.35,684.89,542,673,23,23,444
415,blue,1391.74,689.54,1380,677,24,24,428
415,blue,227.64,889.28,224,881,8,15,88
416,red,1030.91,736.73,1021,723,19,31,437
416,blue,553.37,684.97,542,673,23,24,446
416,blue,1391.93,689.44,1381,677,23,24,427
416,blue,227.64,889.28,224,881,8,15,88
417,red,1033.41,733.01,1023,719,21,31,433
417,blue,553.47,684.97,542,673,23,24,444
417,blue,1392.05,689.57,1381,677,23,24,431
417,blue,227.64,889.28,224,881,8,15,88
418,red,1034.61,729.40,1025,716,20,30,441
418,blue,553.34,684.96,541,673,24,23,442
418,blue,1392.14,689.03,1381,677,23,23,424
418,blue,227.64,889.28,224,881,8,15,88
419,red,1035.37,726.32,1026,713,19,30,414
419,blue,1091.40,626.61,1083,623,17,9,92
419,blue,553.30,684.97,541,673,24,23,444
419,blue,1392.20,689.01,1381,677,23,23,425
419,blue,227.67,889.29,224,881,8,15,89
420,red,1035.10,723.82,1026,711,19,29,402
420,blue,1090.12,626.51,1082,623,16,9,102
420,blue,553.27,684.92,541,673,24,23,439
420,blue,1392.20,689.06,1381,677,23,23,424
420,blue,227.67,889.29,224,881,8,15,89
421,red,1033.59,721.85,1023,709,21,29,417
421,blue,1090.16,625.21,1082,619,16,12,122
421,blue,553.21,684.81,541,673,24,23,439
421,blue,1391.87,688.72,1381,677,23,23,427
421,blue,227.74,889.22,224,881,8,15,91
422,red,1032.28,722.34,1022,710,21,28,410
422,blue,1126.54,535.35,1121,532,14,7,69
422,blue,1087.89,604.06,1086,596,6,16,72
422,blue,1092.01,625.82,1085,619,13,13,100
422,blue,553.43,685.13,542,673,23,24,445
422,blue,1392.73,689.13,1382,677,23,23,419
422,blue,227.67,889.29,224,881,8,15,89
423,red,1117.21,636.98,1115,631,6,14,63
423,red,1030.28,724.35,1022,712,18,28,381
423,blue,1100.82,544.87,1088,524,38,47,757
423,blue,1086.78,610.60,1078,581,19,51,360
423,blue,553.40,684.97,541,673,24,23,441
423,blue,1392.27,689.11,1381,677,23,23,426
423,blue,227.67,889.29,224,881,8,15,89
424,red,1115.40,638.52,1113,629,6,25,85
424,red,1028.25,727.66,1020,715,17,29,385
424,blue,1093.52,579.03,1073,525,49,107,2468
424,blue,553.38,684.97,541,673,24,23,442
424,blue,1392.13,689.12,1381,677,23,23,425
424,blue,227.67,889.29,224,881,8,15,89
425,red,1113.68,639.67,1111,629,7,26,94
425,red,1028.49,729.81,1020,717,17,29,384
425,blue,1093.96,574.63,1068,527,59,105,3528
425,blue,553.40,684.97,541,673,24,23,441
425,blue,1392.15,689.14,1381,677,23,23,426
425,blue,227.67,889.29,224,881,8,15,89
426,red,1030.46,732.34,1022,720,17,28,400
426,blue,1089.54,559.79,1067,530,54,66,2103
426,blue,1080.17,616.59,1069,604,24,28,475
426,blue,553.33,684.93,541,673,24,23,445
426,blue,1391.93,689.05,1380,677,24,23,425
426,blue,227.67,889.29,224,881,8,15,89
427,red,1031.98,734.47,1023,721,18,30,429
427,blue,1084.32,574.38,1056,532,63,100,3850
427,blue,553.40,684.94,541,673,24,23,443
427,blue,1391.95,689.18,1380,677,24,23,427
427,blue,227.64,889.28,224,881,8,15,88
428,red,1030.77,734.47,1016,721,26,29,465
428,blue,1082.74,577.92,1052,532,61,99,3919
428,blue,553.38,684.94,541,673,24,23,442
428,blue,1391.95,689.19,1381,677,23,23,420
428,blue,227.64,889.28,224,881,8,15,88
429,red,1028.78,734.11,1014,721,25,28,445
429,blue,1082.11,576.22,1053,529,53,100,3358
429,blue,552.97,685.06,541,673,24,24,443
429,blue,1391.54,689.54,1380,677,24,24,432
429,blue,227.61,889.34,224,881,8,15,87
430,red,1028.73,733.46,1015,720,24,29,432
430,blue,1083.58,569.52,1058,526,47,97,2669
430,blue,553.19,685.07,541,673,24,24,445
430,blue,1391.92,689.15,1381,677,23,23,420
430,blue,227.64,889.28,224,881,8,15,88
431,red,1025.51,732.42,1012,719,26,29,546
431,blue,1081.25,564.55,1057,527,48,87,2369
431,blue,552.70,684.97,541,673,23,23,435
431,blue,1390.85,689.31,1379,677,24,24,428
431,blue,227.57,889.33,224,881,8,15,86
431,blue,1667.88,896.14,1665,887,6,17,76
432,red,1025.64,731.17,1012,718,26,28,529
432,blue,1078.19,560.98,1058,518,47,92,2234
432,blue,553.39,684.97,542,673,23,23,442
432,blue,1391.99,689.10,1381,677,23,23,421
432,blue,227.67,889.29,224,881,8,15,89
433,red,1026.17,730.55,1012,717,26,29,511
433,blue,1074.66,562.12,1058,515,36,93,2259
433,blue,553.35,685.03,541,673,24,23,445
433,blue,1391.91,689.02,1380,677,24,23,424
433,blue,227.67,889.29,224,881,8,15,89
434,red,1026.90,730.46,1012,717,26,29,458
434,blue,1074.72,556.04,1055,510,37,94,2244
434,blue,553.34,685.05,541,673,24,23,443
434,blue,1391.98,688.98,1381,677,23,23,424
434,blue,227.71,889.29,224,881,8,15,90
435,red,1025.12,729.16,1013,716,24,29,485
435,blue,1074.88,558.23,1058,509,37,92,1623
435,blue,553.15,685.07,541,673,24,23,446
435,blue,1391.47,688.98,1380,677,24,23,420
435,blue,227.67,889.29,224,881,8,15,89
436,red,1025.25,728.12,1012,714,25,30,469
436,blue,1075.59,558.29,1057,526,32,74,1518
436,blue,553.12,684.94,541,673,24,23,446
436,blue,1391.55,688.89,1380,677,24,23,422
436,blue,227.60,889.26,224,881,8,15,87
437,red,1026.81,729.07,1014,713,24,30,457
437,blue,1077.28,554.57,1057,508,36,95,1883
437,blue,553.27,685.00,542,673,23,24,445
437,blue,1391.81,688.96,1381,677,23,23,422
437,blue,227.61,889.34,224,881,8,15,87
