frame,status,foot_space_x,foot_space_y,foot_cx,foot_cy,foot_area,hand_space_x,hand_space_y,hand_space_z,hand_cx,hand_cy,hand_area,hand_to_foot_dx,hand_to_foot_dy,hand_to_foot_dz,hand_to_foot_distance_2d,hand_to_foot_distance_3d,red_candidates
0,ok,53.42,83.02,1002.38,794.58,1085,53.12,-404.69,3.5175,1041.04,235.35,989,-0.30,-487.71,3.5175,487.71,487.72,2
1,ok,53.42,83.02,1002.49,794.54,1084,53.11,-404.70,3.5175,1041.45,235.38,1012,-0.31,-487.72,3.5175,487.72,487.73,2
2,ok,53.42,83.02,1002.92,794.62,1078,53.11,-404.71,3.5174,1042.40,235.54,1031,-0.31,-487.73,3.5174,487.73,487.74,2
3,ok,53.42,83.02,1003.03,794.67,1072,53.11,-404.71,3.5174,1042.00,235.31,986,-0.31,-487.73,3.5174,487.73,487.74,2
4,ok,53.42,83.02,1002.97,794.52,1076,53.12,-404.72,3.5174,1041.98,235.37,966,-0.30,-487.74,3.5174,487.74,487.75,2
5,ok,53.42,83.02,1002.94,794.40,1079,53.12,-404.73,3.5173,1041.91,235.25,968,-0.30,-487.75,3.5173,487.75,487.76,2
6,ok,53.42,83.02,1002.81,794.31,1079,53.12,-404.73,3.5173,1041.86,235.35,970,-0.30,-487.75,3.5173,487.75,487.76,2
7,ok,53.41,83.02,1002.86,794.31,1083,53.12,-404.74,3.5173,1042.02,235.40,966,-0.29,-487.76,3.5173,487.76,487.77,2
8,ok,53.41,83.02,1002.83,794.34,1079,53.12,-404.74,3.5173,1042.17,235.28,970,-0.29,-487.76,3.5173,487.76,487.77,2
9,ok,53.41,83.02,1002.83,794.25,1085,53.13,-404.75,3.5173,1042.06,235.33,953,-0.28,-487.77,3.5173,487.77,487.78,2
10,ok,53.41,83.02,1002.77,794.24,1086,53.13,-404.75,3.5172,1042.16,235.33,983,-0.28,-487.77,3.5172,487.77,487.78,2
11,ok,53.41,83.03,1002.79,794.26,1086,53.14,-404.76,3.5172,1042.18,235.52,986,-0.27,-487.79,3.5172,487.79,487.80,2
12,ok,53.41,83.03,1002.67,794.25,1091,53.15,-404.76,3.5172,1042.44,235.76,988,-0.26,-487.79,3.5172,487.79,487.80,2
13,ok,53.41,83.03,1002.58,794.18,1093,53.16,-404.76,3.5172,1042.17,235.43,946,-0.25,-487.79,3.5172,487.79,487.80,2
14,ok,53.40,83.03,1002.55,794.26,1091,53.18,-404.76,3.5172,1042.15,235.56,957,-0.22,-487.79,3.5172,487.79,487.80,2
15,ok,53.40,83.03,1002.54,794.28,1092,53.20,-404.77,3.5172,1042.07,235.56,938,-0.20,-487.80,3.5172,487.80,487.81,2
16,ok,53.40,83.03,1002.55,794.22,1093,53.22,-404.77,3.5172,1042.38,235.55,969,-0.18,-487.80,3.5172,487.80,487.81,2
17,ok,53.40,83.03,1002.47,794.32,1090,53.25,-404.78,3.5172,1042.15,235.63,942,-0.15,-487.81,3.5172,487.81,487.82,2
18,ok,53.39,83.03,1002.50,794.37,1091,53.28,-404.79,3.5172,1042.29,235.71,948,-0.11,-487.82,3.5172,487.82,487.83,2
19,ok,53.39,83.03,1002.50,794.37,1088,53.32,-404.81,3.5171,1042.54,235.66,968,-0.07,-487.84,3.5171,487.84,487.85,2
20,ok,53.39,83.03,1002.43,794.38,1091,53.36,-404.83,3.5171,1042.50,235.80,948,-0.03,-487.86,3.5171,487.86,487.87,2
21,ok,53.38,83.04,1002.35,794.40,1094,53.40,-404.85,3.5170,1042.38,235.77,946,0.02,-487.89,3.5170,487.89,487.90,2
22,ok,53.38,83.04,1002.37,794.25,1089,53.45,-404.87,3.5170,1042.12,235.55,955,0.07,-487.91,3.5170,487.91,487.92,2
23,ok,53.37,83.04,1002.39,794.23,1090,53.51,-404.89,3.5169,1042.09,235.48,963,0.14,-487.93,3.5169,487.93,487.94,2
24,ok,53.37,83.04,1002.32,794.30,1083,53.57,-404.91,3.5169,1042.09,235.57,965,0.20,-487.95,3.5169,487.95,487.96,2
25,ok,53.36,83.05,1002.26,794.36,1082,53.64,-404.93,3.5168,1042.04,235.72,967,0.28,-487.98,3.5168,487.98,487.99,2
26,ok,53.36,83.05,1002.12,794.41,1072,53.71,-404.95,3.5168,1041.92,235.65,960,0.35,-488.00,3.5168,488.00,488.01,2
27,ok,53.35,83.05,1002.15,794.46,1076,53.79,-404.96,3.5168,1042.14,235.89,992,0.44,-488.01,3.5168,488.01,488.02,2
28,ok,53.35,83.05,1002.11,794.54,1072,53.87,-404.97,3.5168,1041.97,235.88,970,0.52,-488.02,3.5168,488.02,488.03,2
29,ok,53.34,83.06,1002.11,794.54,1072,53.96,-404.98,3.5169,1041.75,235.91,986,0.62,-488.04,3.5169,488.04,488.05,2
30,ok,53.34,83.06,1002.12,794.53,1076,54.05,-404.99,3.5169,1041.47,235.86,997,0.71,-488.05,3.5169,488.05,488.06,2
31,ok,53.33,83.06,1002.10,794.56,1071,54.15,-404.99,3.5170,1041.36,235.97,1036,0.82,-488.05,3.5170,488.05,488.06,2
32,ok,53.32,83.06,1002.08,794.59,1072,54.25,-404.99,3.5171,1040.91,235.78,1038,0.93,-488.05,3.5171,488.05,488.06,2
33,ok,53.32,83.07,1002.02,794.58,1087,54.35,-404.98,3.5172,1040.52,235.45,1021,1.03,-488.05,3.5172,488.05,488.06,2
34,ok,53.31,83.07,1002.08,794.53,1080,54.45,-404.97,3.5173,1039.27,235.68,1006,1.14,-488.04,3.5173,488.04,488.05,2
35,ok,53.30,83.07,1002.13,794.50,1077,54.56,-404.96,3.5175,1039.76,235.51,1007,1.26,-488.03,3.5175,488.03,488.04,2
36,ok,53.30,83.08,1002.74,794.42,1090,54.66,-404.94,3.5176,1039.13,235.21,1002,1.36,-488.02,3.5176,488.02,488.03,2
37,ok,53.29,83.08,1002.88,794.47,1089,54.77,-404.91,3.5179,1038.09,234.93,1005,1.48,-487.99,3.5179,487.99,488.00,2
38,ok,53.28,83.10,1003.20,794.50,1085,54.87,-404.86,3.5182,1037.45,235.02,1019,1.59,-487.96,3.5182,487.96,487.98,2
39,ok,53.27,83.12,1002.06,794.27,1096,54.97,-404.80,3.5185,1034.46,234.97,1095,1.70,-487.92,3.5185,487.92,487.94,2
40,ok,53.26,83.14,1001.96,794.20,1092,55.07,-404.72,3.5190,1032.05,235.44,1146,1.81,-487.86,3.5190,487.86,487.88,2
41,ok,53.25,83.19,1001.86,794.11,1088,55.16,-404.61,3.5196,1029.17,234.92,1091,1.91,-487.80,3.5196,487.80,487.82,2
42,ok,53.23,83.24,1001.31,793.98,1076,55.25,-404.48,3.5203,1027.20,235.25,1201,2.02,-487.72,3.5203,487.72,487.74,2
43,ok,53.22,83.30,1001.31,793.86,1070,55.33,-404.33,3.5211,1024.50,235.05,1239,2.11,-487.63,3.5211,487.63,487.65,2
44,ok,53.20,83.37,1000.98,793.81,1074,55.40,-404.14,3.5220,1021.83,235.12,1313,2.20,-487.51,3.5220,487.51,487.53,2
45,ok,53.18,83.44,1000.26,793.79,1064,55.46,-403.93,3.5231,1018.77,236.26,1333,2.28,-487.37,3.5231,487.38,487.39,2
46,ok,53.16,83.50,1000.20,794.00,1053,55.51,-403.68,3.5244,1015.94,237.87,1347,2.35,-487.18,3.5244,487.19,487.20,2
47,ok,53.13,83.55,999.35,794.17,1055,55.54,-403.40,3.5258,1012.84,239.16,1359,2.41,-486.95,3.5258,486.96,486.97,2
48,ok,53.11,83.58,999.23,794.24,1048,55.57,-403.07,3.5275,1010.13,239.76,1366,2.46,-486.65,3.5275,486.66,486.67,2
49,ok,53.08,83.58,998.94,794.13,1049,55.58,-402.69,3.5293,1007.67,239.68,1389,2.50,-486.27,3.5293,486.28,486.29,2
50,ok,53.05,83.55,998.86,793.92,1062,55.58,-402.28,3.5314,1005.63,238.75,1418,2.53,-485.83,3.5314,485.84,485.85,2
51,ok,53.02,83.48,999.19,793.87,1026,55.56,-401.82,3.5337,1004.05,237.34,1461,2.54,-485.30,3.5337,485.31,485.32,2
52,ok,52.98,83.38,999.15,793.93,1013,55.53,-401.31,3.5361,1003.55,235.98,1501,2.55,-484.69,3.5361,484.70,484.71,2
53,ok,52.94,83.25,999.35,793.79,1021,55.48,-400.77,3.5388,1003.36,235.27,1522,2.54,-484.02,3.5388,484.03,484.04,2
54,ok,52.90,83.07,999.57,794.07,1018,55.42,-400.19,3.5416,1003.70,234.71,1548,2.52,-483.26,3.5416,483.27,483.28,2
55,ok,52.86,82.85,1000.07,794.06,1033,55.35,-399.57,3.5447,1004.29,234.44,1556,2.49,-482.42,3.5447,482.43,482.44,2
56,ok,52.82,82.58,1000.37,794.15,1035,55.26,-398.92,3.5479,1004.93,234.26,1561,2.44,-481.50,3.5479,481.51,481.52,2
57,ok,52.77,82.27,1000.38,794.33,1028,55.15,-398.23,3.5513,1006.28,234.38,1576,2.38,-480.50,3.5513,480.51,480.52,2
58,ok,52.72,81.92,1000.32,794.54,1025,55.03,-397.49,3.5550,1007.62,234.34,1600,2.31,-479.41,3.5550,479.42,479.43,2
59,ok,52.67,81.52,1000.33,794.67,1023,54.90,-396.72,3.5588,1009.89,234.09,1623,2.23,-478.24,3.5588,478.25,478.26,2
60,ok,52.63,81.07,1000.39,794.83,1014,54.76,-395.91,3.5628,1012.13,233.70,1636,2.13,-476.98,3.5628,476.98,477.00,2
61,ok,52.57,80.58,1000.54,794.80,1008,54.61,-395.06,3.5670,1015.28,233.25,1643,2.04,-475.64,3.5670,475.64,475.66,2
62,ok,52.52,80.04,1000.65,794.88,1009,54.46,-394.17,3.5715,1018.72,232.92,1645,1.94,-474.21,3.5715,474.21,474.23,2
63,ok,52.47,79.46,1000.71,794.77,1005,54.29,-393.23,3.5762,1022.45,232.63,1625,1.82,-472.69,3.5762,472.69,472.71,2
64,ok,52.42,78.83,1000.95,794.34,1019,54.12,-392.25,3.5811,1026.65,231.99,1601,1.70,-471.08,3.5811,471.08,471.10,2
65,ok,52.36,78.15,1000.55,793.83,1004,53.94,-391.23,3.5863,1031.32,230.74,1579,1.58,-469.38,3.5863,469.38,469.40,2
66,ok,52.31,77.42,999.61,792.76,998,53.76,-390.17,3.5917,1036.01,229.08,1562,1.45,-467.59,3.5917,467.59,467.61,2
67,ok,52.25,76.65,997.75,790.47,1021,53.58,-389.06,3.5973,1041.09,225.87,1574,1.33,-465.71,3.5973,465.71,465.73,2
68,ok,52.19,75.82,995.18,787.67,1039,53.40,-387.92,3.6032,1046.02,222.41,1599,1.21,-463.74,3.6032,463.74,463.76,2
69,ok,52.13,74.93,993.11,785.08,999,53.22,-386.76,3.6092,1051.08,218.59,1628,1.09,-461.69,3.6092,461.69,461.71,2
70,ok,52.08,73.99,991.51,781.97,937,53.05,-385.57,3.6154,1056.15,215.51,1674,0.97,-459.56,3.6154,459.56,459.58,2
71,ok,52.02,72.97,989.63,778.26,847,52.88,-384.36,3.6218,1060.17,212.88,1682,0.86,-457.33,3.6218,457.33,457.35,2
72,ok,51.97,71.89,987.09,778.10,710,52.72,-383.15,3.6282,1063.63,210.43,1678,0.75,-455.04,3.6282,455.04,455.06,2
73,ok,51.92,70.73,985.96,780.58,705,52.57,-381.92,3.6347,1066.81,208.32,1684,0.65,-452.65,3.6347,452.65,452.67,2
74,ok,51.87,69.50,985.46,785.34,863,52.43,-380.69,3.6413,1069.93,206.26,1677,0.56,-450.19,3.6413,450.19,450.21,2
75,ok,51.82,68.21,983.72,792.80,1047,52.30,-379.46,3.6480,1072.63,204.73,1689,0.48,-447.67,3.6480,447.67,447.69,3
76,ok,51.78,66.88,980.78,802.92,1238,52.18,-378.23,3.6547,1074.94,203.07,1691,0.40,-445.11,3.6547,445.11,445.13,2
77,ok,51.74,65.50,977.08,814.45,1352,52.08,-377.01,3.6614,1076.81,201.86,1696,0.34,-442.51,3.6614,442.51,442.53,2
78,ok,51.70,64.11,973.18,825.91,1360,51.99,-375.79,3.6682,1078.26,200.82,1700,0.29,-439.90,3.6682,439.90,439.92,2
79,ok,51.67,62.71,970.93,835.24,1401,51.91,-374.58,3.6749,1078.87,199.70,1705,0.24,-437.29,3.6749,437.29,437.31,3
80,ok,51.64,61.32,968.56,842.12,1472,51.85,-373.39,3.6816,1078.97,198.63,1691,0.21,-434.71,3.6816,434.71,434.73,2
81,ok,51.61,59.94,966.16,847.45,1470,51.80,-372.21,3.6883,1078.67,197.97,1693,0.19,-432.15,3.6883,432.15,432.17,3
82,ok,51.59,58.58,963.48,851.58,1420,51.77,-371.05,3.6950,1077.63,196.68,1718,0.18,-429.63,3.6950,429.63,429.65,2
83,ok,51.57,57.24,962.57,855.67,1492,51.75,-369.91,3.7016,1076.61,195.87,1709,0.18,-427.15,3.7016,427.15,427.17,2
84,ok,51.56,55.93,963.98,859.63,1593,51.75,-368.79,3.7081,1075.29,194.82,1700,0.19,-424.72,3.7081,424.72,424.74,2
85,ok,51.56,54.65,967.63,863.07,1590,51.76,-367.69,3.7145,1073.80,193.92,1703,0.20,-422.34,3.7145,422.34,422.36,2
86,ok,51.56,53.40,971.14,866.60,1565,51.78,-366.61,3.7209,1071.88,193.18,1697,0.22,-420.01,3.7209,420.01,420.03,2
87,ok,51.56,52.20,975.20,869.70,1583,51.81,-365.55,3.7272,1069.50,192.31,1691,0.25,-417.75,3.7272,417.75,417.77,2
88,ok,51.56,51.03,978.55,872.84,1515,51.85,-364.51,3.7335,1066.82,191.86,1693,0.29,-415.54,3.7335,415.54,415.56,2
89,ok,51.57,49.91,981.20,873.63,1607,51.90,-363.50,3.7396,1064.03,190.93,1703,0.33,-413.41,3.7396,413.41,413.43,2
90,ok,51.58,48.83,980.64,874.11,1740,51.96,-362.50,3.7457,1061.17,190.10,1706,0.38,-411.33,3.7457,411.33,411.35,2
91,ok,51.59,47.80,981.87,874.05,1780,52.03,-361.53,3.7517,1058.41,188.09,1700,0.44,-409.33,3.7517,409.33,409.35,2
92,ok,51.60,46.81,981.37,874.20,1764,52.10,-360.59,3.7575,1055.41,185.31,1690,0.50,-407.40,3.7575,407.40,407.42,2
93,ok,51.61,45.86,981.31,874.44,1743,52.17,-359.67,3.7632,1052.35,182.90,1720,0.56,-405.53,3.7632,405.53,405.55,2
94,ok,51.62,44.96,981.12,874.98,1719,52.25,-358.79,3.7688,1049.87,180.76,1725,0.63,-403.75,3.7688,403.75,403.77,2
95,ok,51.64,44.11,980.85,875.15,1708,52.32,-357.96,3.7741,1046.99,178.79,1706,0.68,-402.07,3.7741,402.07,402.09,2
96,ok,51.66,43.30,980.67,875.67,1699,52.39,-357.16,3.7792,1044.45,177.55,1701,0.73,-400.46,3.7792,400.46,400.48,2
97,ok,51.67,42.54,980.35,876.11,1691,52.45,-356.41,3.7840,1041.82,176.17,1696,0.78,-398.95,3.7840,398.95,398.97,2
98,ok,51.69,41.83,979.83,876.25,1678,52.51,-355.70,3.7886,1039.65,175.27,1706,0.82,-397.53,3.7886,397.53,397.55,2
99,ok,51.72,41.17,979.23,876.51,1681,52.56,-355.03,3.7930,1037.36,173.97,1702,0.84,-396.20,3.7930,396.20,396.22,3
100,ok,51.74,40.56,978.90,876.51,1691,52.60,-354.41,3.7970,1035.74,172.88,1734,0.86,-394.97,3.7970,394.97,394.99,3
101,ok,51.76,40.01,978.35,876.56,1661,52.62,-353.83,3.8008,1034.09,171.85,1766,0.86,-393.84,3.8008,393.84,393.86,3
102,ok,51.79,39.52,978.27,876.63,1665,52.64,-353.29,3.8044,1032.95,170.71,1772,0.85,-392.81,3.8044,392.81,392.83,2
103,ok,51.81,39.09,978.14,876.77,1661,52.63,-352.78,3.8077,1031.90,169.90,1753,0.82,-391.87,3.8077,391.87,391.89,2
104,ok,51.84,38.73,978.26,877.00,1660,52.61,-352.31,3.8107,1031.09,168.98,1746,0.77,-391.04,3.8107,391.04,391.06,2
105,ok,51.87,38.43,978.29,877.20,1640,52.57,-351.88,3.8135,1030.73,168.08,1744,0.70,-390.31,3.8135,390.31,390.33,2
106,ok,51.91,38.20,978.78,876.96,1649,52.52,-351.49,3.8161,1030.73,167.22,1776,0.61,-389.69,3.8161,389.69,389.71,2
107,ok,51.95,38.03,979.02,877.07,1642,52.44,-351.13,3.8184,1030.98,166.19,1808,0.49,-389.16,3.8184,389.16,389.18,2
108,ok,51.99,37.91,979.16,877.25,1604,52.34,-350.81,3.8204,1031.53,165.94,1847,0.35,-388.72,3.8204,388.72,388.74,2
109,ok,52.05,37.85,980.35,877.21,1600,52.22,-350.53,3.8221,1032.51,165.81,1929,0.17,-388.38,3.8221,388.38,388.40,2
110,ok,52.11,37.83,980.86,877.68,1547,52.07,-350.28,3.8236,1034.01,166.98,1947,-0.04,-388.11,3.8236,388.11,388.13,2
111,ok,52.18,37.84,981.83,877.31,1556,51.90,-350.08,3.8248,1034.44,167.73,2003,-0.28,-387.92,3.8248,387.92,387.94,2
112,ok,52.26,37.89,982.33,877.56,1542,51.71,-349.90,3.8258,1036.85,169.53,2027,-0.55,-387.79,3.8258,387.79,387.81,2
113,ok,52.36,37.95,982.44,877.98,1542,51.50,-349.75,3.8266,1038.45,169.82,1991,-0.86,-387.70,3.8266,387.70,387.72,2
114,ok,52.47,38.03,982.84,878.30,1504,51.26,-349.64,3.8271,1041.37,170.80,2026,-1.21,-387.67,3.8271,387.67,387.69,2
115,ok,52.60,38.12,982.88,878.39,1508,50.99,-349.55,3.8274,1045.12,170.51,2051,-1.61,-387.67,3.8274,387.67,387.69,2
116,ok,52.75,38.21,983.09,878.12,1515,50.70,-349.48,3.8276,1048.97,169.69,2073,-2.05,-387.69,3.8276,387.70,387.71,2
117,ok,52.92,38.30,983.22,877.77,1550,50.39,-349.44,3.8275,1052.63,168.38,2107,-2.53,-387.74,3.8275,387.75,387.77,2
118,ok,53.12,38.39,982.61,877.61,1538,50.06,-349.43,3.8273,1056.09,167.75,2129,-3.06,-387.82,3.8273,387.83,387.85,3
119,ok,53.35,38.48,982.93,877.28,1564,49.71,-349.45,3.8268,1059.94,166.68,2111,-3.64,-387.93,3.8268,387.95,387.97,2
120,ok,53.61,38.57,982.87,877.45,1573,49.33,-349.50,3.8261,1063.97,166.28,2078,-4.28,-388.07,3.8261,388.09,388.11,3
121,ok,53.90,38.66,982.94,877.28,1591,48.94,-349.58,3.8252,1068.40,166.12,2027,-4.96,-388.24,3.8252,388.27,388.29,2
122,ok,54.23,38.75,983.09,877.08,1583,48.52,-349.68,3.8241,1073.11,166.29,2005,-5.71,-388.43,3.8241,388.47,388.49,2
123,ok,54.58,38.84,983.14,877.10,1579,48.08,-349.81,3.8228,1078.04,167.14,1961,-6.50,-388.65,3.8228,388.70,388.72,2
124,ok,54.98,38.93,983.12,876.90,1584,47.63,-349.97,3.8213,1082.78,167.96,1922,-7.35,-388.90,3.8213,388.97,388.99,2
125,ok,55.40,39.01,983.42,876.78,1581,47.16,-350.14,3.8196,1087.88,169.03,1912,-8.24,-389.15,3.8196,389.24,389.26,2
126,ok,55.86,39.09,983.57,876.65,1600,46.67,-350.33,3.8179,1093.40,170.34,1852,-9.19,-389.42,3.8179,389.53,389.55,2
127,ok,56.36,39.16,983.73,876.33,1595,46.17,-350.53,3.8160,1099.21,171.41,1837,-10.19,-389.69,3.8160,389.82,389.84,2
128,ok,56.88,39.22,984.61,876.14,1571,45.65,-350.75,3.8140,1104.82,172.72,1765,-11.23,-389.97,3.8140,390.13,390.15,2
129,ok,57.44,39.27,985.26,875.68,1575,45.12,-350.97,3.8120,1110.93,174.27,1686,-12.32,-390.24,3.8120,390.43,390.45,2
130,ok,58.02,39.31,986.15,875.12,1573,44.57,-351.19,3.8099,1116.66,175.34,1636,-13.45,-390.50,3.8099,390.73,390.75,2
131,ok,58.65,39.34,989.11,873.51,1595,44.01,-351.42,3.8078,1122.80,175.63,1601,-14.64,-390.76,3.8078,391.03,391.05,2
132,ok,59.30,39.36,991.44,871.45,1575,43.44,-351.65,3.8057,1128.21,175.15,1559,-15.86,-391.01,3.8057,391.33,391.35,2
133,ok,59.98,39.36,995.74,868.39,1595,42.86,-351.87,3.8036,1134.02,174.19,1519,-17.12,-391.23,3.8036,391.60,391.62,2
134,ok,60.69,39.34,1001.32,864.92,1642,42.27,-352.10,3.8015,1139.99,174.05,1499,-18.42,-391.44,3.8015,391.87,391.89,2
135,ok,61.44,39.30,1009.24,861.23,1727,41.66,-352.31,3.7995,1146.03,174.77,1466,-19.78,-391.61,3.7995,392.11,392.13,2
136,ok,62.20,39.24,1020.02,857.19,1759,41.05,-352.52,3.7974,1152.83,175.57,1445,-21.15,-391.76,3.7974,392.33,392.35,2
137,ok,63.00,39.15,1033.77,852.93,1728,40.43,-352.72,3.7955,1159.46,177.01,1433,-22.57,-391.87,3.7955,392.52,392.54,2
138,ok,63.82,39.02,1050.28,846.37,1814,39.80,-352.90,3.7936,1166.10,178.23,1416,-24.02,-391.92,3.7936,392.66,392.67,2
139,ok,64.65,38.85,1066.51,844.27,1792,39.17,-353.07,3.7919,1172.59,179.06,1398,-25.48,-391.92,3.7919,392.75,392.77,2
140,ok,65.51,38.64,1082.09,844.40,1871,38.52,-353.21,3.7903,1178.86,179.65,1388,-26.99,-391.85,3.7903,392.78,392.80,2
141,ok,66.38,38.39,1101.09,848.70,1884,37.88,-353.33,3.7889,1184.55,179.72,1381,-28.50,-391.72,3.7889,392.76,392.77,2
142,ok,67.26,38.10,1125.48,857.12,1934,37.23,-353.43,3.7876,1190.57,179.26,1386,-30.03,-391.53,3.7876,392.68,392.70,2
143,ok,68.14,37.77,1149.15,866.41,2144,36.57,-353.51,3.7864,1194.94,179.11,1377,-31.57,-391.28,3.7864,392.55,392.57,2
144,ok,69.03,37.43,1175.95,877.53,2329,35.91,-353.57,3.7854,1200.03,179.27,1357,-33.12,-391.00,3.7854,392.40,392.42,2
145,ok,69.91,37.08,1205.50,884.95,2415,35.25,-353.61,3.7845,1204.15,179.25,1345,-34.66,-390.69,3.7845,392.22,392.24,2
146,ok,70.79,36.72,1236.34,890.85,2308,34.59,-353.64,3.7838,1208.39,180.30,1325,-36.20,-390.36,3.7838,392.03,392.05,2
147,ok,71.66,36.36,1266.03,892.56,2242,33.92,-353.64,3.7831,1213.30,179.86,1325,-37.74,-390.00,3.7831,391.82,391.84,2
148,ok,72.51,36.00,1292.81,892.26,2201,33.25,-353.62,3.7826,1218.48,179.86,1327,-39.26,-389.62,3.7826,391.59,391.61,2
149,ok,73.34,35.65,1314.34,889.90,2271,32.57,-353.59,3.7822,1223.60,179.56,1310,-40.77,-389.24,3.7822,391.37,391.39,2
150,ok,74.14,35.29,1331.89,887.13,2311,31.89,-353.54,3.7820,1229.50,179.83,1300,-42.25,-388.83,3.7820,391.12,391.14,2
151,ok,74.91,34.94,1346.21,885.67,2279,31.21,-353.47,3.7818,1235.06,180.03,1296,-43.70,-388.41,3.7818,390.86,390.88,2
152,ok,75.66,34.58,1356.26,885.01,2294,30.52,-353.39,3.7817,1241.07,179.86,1302,-45.14,-387.97,3.7817,390.59,390.61,2
153,ok,76.37,34.21,1361.66,884.94,2297,29.83,-353.31,3.7817,1246.50,179.96,1285,-46.54,-387.52,3.7817,390.30,390.32,2
154,ok,77.04,33.85,1365.50,885.69,2279,29.14,-353.21,3.7817,1252.32,179.06,1307,-47.90,-387.06,3.7817,390.01,390.03,2
155,ok,77.68,33.48,1365.67,888.96,2276,28.44,-353.10,3.7818,1258.19,178.86,1301,-49.24,-386.58,3.7818,389.70,389.72,2
156,ok,78.29,33.11,1363.50,893.41,2339,27.74,-352.99,3.7820,1264.59,178.71,1292,-50.55,-386.10,3.7820,389.40,389.41,2
157,ok,78.86,32.76,1361.16,898.16,2341,27.04,-352.87,3.7821,1271.41,180.00,1236,-51.82,-385.63,3.7821,389.10,389.11,2
158,ok,79.41,32.41,1360.12,902.52,2407,26.34,-352.74,3.7824,1278.11,179.61,1202,-53.07,-385.15,3.7824,388.79,388.81,2
159,ok,79.92,32.09,1361.47,903.07,2613,25.63,-352.60,3.7827,1285.29,179.33,1174,-54.29,-384.69,3.7827,388.50,388.52,2
160,ok,80.40,31.79,1363.04,902.80,2486,24.93,-352.46,3.7830,1293.29,179.56,1076,-55.47,-384.25,3.7830,388.23,388.25,2
161,ok,80.86,31.51,1362.47,903.26,2495,24.23,-352.31,3.7834,1302.47,178.44,1055,-56.63,-383.82,3.7834,387.98,387.99,2
162,ok,81.28,31.27,1363.60,903.10,2544,23.52,-352.16,3.7838,1312.81,175.55,1093,-57.76,-383.43,3.7838,387.76,387.77,2
163,ok,81.67,31.06,1363.90,903.38,2547,22.83,-352.02,3.7842,1322.77,173.84,1086,-58.84,-383.08,3.7842,387.57,387.59,2
164,ok,82.03,30.90,1363.27,905.16,2635,22.13,-351.88,3.7845,1333.70,171.83,1172,-59.90,-382.78,3.7845,387.44,387.46,2
165,ok,82.37,30.77,1363.42,904.01,2522,21.45,-351.74,3.7848,1341.64,169.57,1185,-60.92,-382.51,3.7848,387.33,387.35,2
166,ok,82.68,30.70,1355.87,903.61,2492,20.77,-351.63,3.7850,1342.81,172.87,1184,-61.91,-382.33,3.7850,387.31,387.33,2
167,ok,82.97,30.68,1366.07,903.47,2476,20.09,-351.52,3.7851,1359.60,165.88,1223,-62.88,-382.20,3.7851,387.34,387.36,2
168,ok,83.23,30.72,1358.61,902.58,2424,19.43,-351.43,3.7852,1359.43,169.03,1245,-63.80,-382.15,3.7852,387.44,387.46,2
169,ok,83.48,30.82,1367.28,902.82,2431,18.78,-351.35,3.7851,1374.72,163.40,1263,-64.70,-382.17,3.7851,387.61,387.63,2
170,ok,83.72,30.98,1367.05,902.75,2476,18.13,-351.31,3.7848,1382.23,162.65,1285,-65.59,-382.29,3.7848,387.88,387.89,2
171,ok,83.93,31.22,1367.59,901.87,2445,17.50,-351.29,3.7844,1389.15,161.59,1312,-66.43,-382.51,3.7844,388.24,388.25,2
172,ok,84.14,31.51,1367.39,902.66,2444,16.88,-351.31,3.7837,1395.61,161.92,1315,-67.26,-382.82,3.7837,388.68,388.70,2
173,ok,84.34,31.88,1367.99,901.89,2440,16.28,-351.36,3.7828,1401.50,160.94,1331,-68.06,-383.24,3.7828,389.24,389.25,2
174,ok,84.53,32.30,1367.60,902.49,2486,15.69,-351.44,3.7818,1407.26,161.10,1327,-68.84,-383.74,3.7818,389.87,389.88,2
175,ok,84.71,32.78,1366.98,903.24,2481,15.11,-351.56,3.7804,1411.64,160.92,1338,-69.60,-384.34,3.7804,390.59,390.61,2
176,ok,84.90,33.30,1367.54,902.94,2462,14.56,-351.72,3.7789,1417.16,161.90,1364,-70.34,-385.02,3.7789,391.39,391.41,2
177,ok,85.08,33.87,1368.73,901.66,2432,14.02,-351.92,3.7771,1423.04,163.06,1365,-71.06,-385.79,3.7771,392.28,392.30,2
178,ok,85.26,34.48,1368.78,901.58,2452,13.50,-352.15,3.7751,1428.73,164.69,1373,-71.76,-386.63,3.7751,393.23,393.25,2
179,ok,85.44,35.13,1368.91,901.82,2417,12.99,-352.43,3.7728,1433.55,167.44,1393,-72.45,-387.56,3.7728,394.27,394.29,2
180,ok,85.64,35.81,1369.56,900.06,2386,12.51,-352.75,3.7703,1438.36,168.52,1428,-73.13,-388.56,3.7703,395.38,395.40,2
181,ok,85.84,36.54,1369.94,900.61,2364,12.05,-353.10,3.7675,1442.91,170.76,1468,-73.79,-389.64,3.7675,396.57,396.58,2
182,ok,86.05,37.31,1371.30,898.70,2371,11.62,-353.50,3.7646,1448.00,173.76,1523,-74.43,-390.81,3.7646,397.83,397.85,2
183,ok,86.27,38.11,1359.28,898.74,2287,11.20,-353.93,3.7614,1439.38,184.75,1555,-75.07,-392.04,3.7614,399.16,399.18,2
184,ok,86.50,38.96,1372.45,896.42,2344,10.81,-354.38,3.7582,1454.79,177.04,1691,-75.69,-393.34,3.7582,400.56,400.57,2
185,ok,86.75,39.85,1372.85,894.02,2341,10.44,-354.86,3.7548,1458.18,178.28,1775,-76.31,-394.71,3.7548,402.02,402.04,2
186,ok,87.01,40.78,1372.87,892.11,2341,10.10,-355.38,3.7512,1461.55,179.30,1801,-76.91,-396.16,3.7512,403.56,403.57,2
187,ok,87.28,41.74,1371.64,890.79,2390,9.79,-355.93,3.7475,1464.13,180.42,1860,-77.49,-397.67,3.7475,405.15,405.17,2
188,ok,87.57,42.73,1370.44,885.11,2336,9.49,-356.53,3.7435,1465.54,178.02,1903,-78.08,-399.26,3.7435,406.82,406.84,2
189,ok,87.86,43.76,1365.72,880.63,2281,9.23,-357.16,3.7394,1467.53,178.18,1947,-78.63,-400.92,3.7394,408.56,408.57,2
190,ok,88.17,44.80,1358.78,872.56,2178,8.98,-357.84,3.7350,1467.45,177.18,1969,-79.19,-402.64,3.7350,410.35,410.37,3
191,ok,88.49,45.86,1353.89,865.35,1953,8.76,-358.57,3.7303,1469.08,177.45,1980,-79.73,-404.43,3.7303,412.21,412.23,2
192,ok,88.82,46.93,1349.61,857.45,1802,8.56,-359.35,3.7255,1469.72,178.39,2046,-80.26,-406.28,3.7255,414.13,414.15,2
193,ok,89.16,47.99,1346.52,852.53,1615,8.38,-360.17,3.7204,1469.16,181.04,2044,-80.78,-408.16,3.7204,416.08,416.09,3
194,ok,89.51,49.05,1349.09,845.34,1409,8.23,-361.03,3.7151,1468.03,180.71,1982,-81.28,-410.08,3.7151,418.06,418.07,3
195,ok,89.87,50.10,1353.00,838.86,1233,8.09,-361.93,3.7096,1464.42,181.20,1957,-81.78,-412.03,3.7096,420.07,420.08,3
196,ok,90.24,51.12,1360.30,834.53,1134,7.98,-362.87,3.7040,1462.39,182.90,1897,-82.26,-413.99,3.7040,422.08,422.10,3
197,ok,90.61,52.12,1370.01,831.52,1074,7.88,-363.84,3.6982,1458.78,183.51,1862,-82.73,-415.96,3.6982,424.11,424.12,4
198,ok,90.99,53.09,1380.99,827.37,1163,7.81,-364.86,3.6922,1454.95,184.80,1831,-83.18,-417.95,3.6922,426.15,426.16,3
199,ok,91.36,54.03,1392.24,823.18,1266,7.75,-365.91,3.6860,1450.66,185.16,1792,-83.61,-419.94,3.6860,428.18,428.20,2
200,ok,91.73,54.94,1400.75,820.19,1278,7.70,-367.01,3.6797,1444.81,185.32,1786,-84.03,-421.95,3.6797,430.24,430.25,2
201,ok,92.10,55.80,1406.94,821.13,1092,7.67,-368.16,3.6732,1440.80,187.02,1788,-84.43,-423.96,3.6732,432.29,432.30,2
202,ok,92.45,56.63,1411.05,824.19,911,7.65,-369.35,3.6665,1436.71,191.90,1813,-84.80,-425.98,3.6665,434.34,434.35,2
203,ok,92.80,57.43,1415.44,821.88,847,7.64,-370.58,3.6596,1430.47,189.83,1854,-85.16,-428.01,3.6596,436.40,436.42,3
204,ok,93.15,58.21,1419.56,821.81,845,7.65,-371.84,3.6527,1426.29,189.74,1869,-85.50,-430.05,3.6527,438.47,438.48,2
205,ok,93.48,58.96,1421.81,823.73,766,7.67,-373.15,3.6456,1421.94,191.99,1904,-85.81,-432.11,3.6456,440.55,440.56,2
206,ok,93.81,59.70,1423.60,826.34,704,7.69,-374.49,3.6383,1418.69,194.39,1934,-86.12,-434.19,3.6383,442.65,442.66,3
207,ok,94.13,60.43,1423.34,830.51,750,7.73,-375.87,3.6310,1414.21,199.22,1957,-86.40,-436.30,3.6310,444.77,444.79,2
208,ok,94.45,61.16,1425.47,829.34,753,7.78,-377.27,3.6236,1410.66,200.13,1969,-86.67,-438.43,3.6236,446.91,446.93,2
209,ok,94.76,61.91,1426.99,830.05,679,7.83,-378.70,3.6161,1407.05,203.27,1978,-86.93,-440.61,3.6161,449.10,449.12,2
210,ok,95.07,62.69,1428.52,829.74,659,7.90,-380.15,3.6086,1404.45,206.17,1974,-87.17,-442.84,3.6086,451.34,451.35,2
211,ok,95.38,63.49,1429.20,829.86,728,7.98,-381.62,3.6011,1402.08,209.27,1927,-87.40,-445.11,3.6011,453.61,453.62,2
212,ok,95.69,64.32,1431.09,828.68,807,8.07,-383.11,3.5935,1400.99,210.82,1886,-87.62,-447.43,3.5935,455.93,455.94,2
213,ok,95.99,65.18,1430.87,828.31,815,8.17,-384.61,3.5860,1399.95,212.46,1820,-87.82,-449.79,3.5860,458.28,458.30,2
214,ok,96.29,66.07,1430.92,827.13,824,8.27,-386.12,3.5784,1399.43,213.66,1764,-88.02,-452.19,3.5784,460.68,460.69,2
215,ok,96.59,66.97,1429.09,827.04,731,8.39,-387.65,3.5709,1398.74,215.22,1714,-88.20,-454.62,3.5709,463.10,463.11,2
216,ok,96.87,67.89,1425.86,828.10,481,8.52,-389.19,3.5633,1398.22,217.44,1650,-88.35,-457.08,3.5633,465.54,465.55,2
217,ok,97.15,68.83,1421.97,828.88,143,8.66,-390.74,3.5557,1396.20,219.33,1608,-88.49,-459.57,3.5557,468.01,468.03,3
218,ok,97.43,69.79,1442.86,817.99,353,8.81,-392.30,3.5482,1378.88,231.90,1512,-88.62,-462.09,3.5482,470.51,470.52,2
219,ok,97.68,70.76,1455.87,821.06,930,8.97,-393.85,3.5407,1391.41,223.49,1516,-88.71,-464.61,3.5407,473.00,473.02,2
220,ok,97.92,71.75,1448.13,822.70,1621,9.14,-395.40,3.5334,1387.71,225.05,1452,-88.78,-467.15,3.5334,475.51,475.52,2
221,ok,98.15,72.76,1429.62,826.01,1809,9.32,-396.96,3.5260,1370.80,236.04,1348,-88.83,-469.72,3.5260,478.05,478.06,2
222,ok,98.36,73.81,1444.85,823.10,1846,9.51,-398.50,3.5189,1380.59,227.75,1313,-88.85,-472.31,3.5189,480.59,480.61,2
223,ok,98.56,74.90,1445.95,822.81,1839,9.71,-400.05,3.5117,1378.75,228.34,1249,-88.85,-474.95,3.5117,483.19,483.20,2
224,ok,98.66,75.43,1446.61,822.23,1836,9.91,-401.60,3.5047,1376.37,228.67,1191,-88.75,-477.03,3.5047,485.22,485.23,2
225,ok,98.66,75.40,1446.13,822.38,1799,10.13,-403.15,3.4977,1373.10,230.59,1186,-88.53,-478.55,3.4977,486.67,486.68,2
226,ok,98.65,75.42,1445.76,821.83,1770,10.35,-404.71,3.4907,1369.68,232.40,1170,-88.30,-480.13,3.4907,488.18,488.19,2
227,ok,98.62,75.49,1445.44,820.69,1755,10.57,-406.28,3.4838,1365.13,233.93,1149,-88.05,-481.77,3.4838,489.75,489.76,2
228,ok,98.57,75.61,1444.44,819.61,1749,10.80,-407.85,3.4770,1360.78,236.64,1138,-87.77,-483.46,3.4770,491.36,491.37,2
229,ok,98.52,75.78,1443.88,818.20,1746,11.04,-409.42,3.4702,1356.64,239.14,1138,-87.48,-485.20,3.4702,493.02,493.04,2
230,ok,98.45,76.00,1442.62,817.22,1701,11.28,-410.98,3.4636,1351.97,242.22,1140,-87.17,-486.98,3.4636,494.72,494.73,2
231,ok,98.38,76.28,1426.33,818.18,1662,11.53,-412.53,3.4571,1333.48,255.13,1107,-86.85,-488.81,3.4571,496.47,496.48,2
232,ok,98.30,76.61,1440.33,811.16,1688,11.79,-414.04,3.4508,1340.04,246.77,1147,-86.51,-490.65,3.4508,498.22,498.23,2
233,ok,98.20,76.99,1438.09,807.18,1669,12.06,-415.52,3.4447,1333.34,248.31,1182,-86.14,-492.51,3.4447,499.99,500.00,2
234,ok,98.10,77.40,1435.16,802.02,1598,12.33,-416.98,3.4388,1327.49,249.45,1216,-85.77,-494.38,3.4388,501.76,501.78,2
235,ok,97.98,77.84,1431.84,795.78,1518,12.60,-418.42,3.4330,1322.44,250.27,1280,-85.38,-496.26,3.4330,503.55,503.56,2
236,ok,97.85,78.29,1425.97,788.66,1397,12.88,-419.83,3.4275,1316.64,251.34,1321,-84.97,-498.12,3.4275,505.32,505.33,2
237,ok,97.70,78.76,1421.43,781.87,1271,13.17,-421.22,3.4220,1311.05,251.67,1367,-84.53,-499.98,3.4220,507.08,507.09,2
238,ok,97.54,79.22,1417.25,771.88,1325,13.46,-422.59,3.4168,1305.73,251.89,1378,-84.08,-501.81,3.4168,508.81,508.82,2
239,ok,97.37,79.65,1412.60,760.55,1259,13.75,-423.94,3.4116,1300.39,252.39,1382,-83.62,-503.59,3.4116,510.49,510.50,2
240,ok,97.17,80.05,1409.22,752.20,1137,14.05,-425.28,3.4066,1296.20,252.50,1387,-83.12,-505.33,3.4066,512.12,512.13,2
241,ok,96.95,80.39,1406.53,747.49,1123,14.35,-426.61,3.4017,1292.57,252.55,1391,-82.60,-507.00,3.4017,513.68,513.70,2
242,ok,96.70,80.66,1404.18,745.91,1098,14.65,-427.94,3.3968,1289.19,252.27,1367,-82.05,-508.60,3.3968,515.18,515.19,2
243,ok,96.43,80.87,1402.42,748.27,1085,14.96,-429.27,3.3920,1285.39,252.44,1359,-81.47,-510.14,3.3920,516.60,516.62,2
244,ok,96.14,81.01,1401.37,751.17,1091,15.26,-430.60,3.3872,1283.77,252.60,1346,-80.88,-511.61,3.3872,517.96,517.97,2
245,ok,95.83,81.11,1397.68,756.21,1066,15.57,-431.94,3.3825,1280.71,254.12,1336,-80.26,-513.05,3.3825,519.29,519.30,2
246,ok,95.50,81.16,1390.77,757.89,1029,15.88,-433.27,3.3779,1277.66,254.28,1330,-79.62,-514.43,3.3779,520.56,520.57,2
247,ok,95.16,81.20,1383.01,759.50,1007,16.20,-434.60,3.3733,1274.59,255.52,1305,-78.96,-515.80,3.3733,521.81,521.82,2
248,ok,94.80,81.21,1370.64,759.11,1040,16.53,-435.93,3.3687,1269.42,257.65,1305,-78.27,-517.14,3.3687,523.03,523.04,2
249,ok,94.43,81.22,1359.11,755.31,1114,16.86,-437.24,3.3643,1267.28,259.43,1302,-77.57,-518.46,3.3643,524.23,524.24,2
250,ok,94.04,81.23,1349.25,751.64,996,17.20,-438.53,3.3599,1264.83,261.26,1298,-76.84,-519.76,3.3599,525.41,525.42,2
251,ok,93.65,81.24,1343.13,749.99,640,17.54,-439.81,3.3556,1263.06,263.09,1308,-76.11,-521.05,3.3556,526.58,526.59,2
252,ok,93.24,81.25,1336.22,749.29,334,17.90,-441.05,3.3515,1260.24,265.62,1282,-75.34,-522.30,3.3515,527.71,527.72,2
253,ok,92.82,81.24,1334.87,746.49,124,18.27,-442.27,3.3475,1261.37,266.51,1261,-74.55,-523.51,3.3475,528.79,528.80,2
254,foot_only,92.38,81.22,1261.12,268.61,1237,18.66,-443.47,3.3436,,,,-73.72,-524.69,3.3436,529.84,529.85,1
255,foot_only,92.08,82.36,1261.03,270.94,1222,19.06,-444.63,3.3399,,,,-73.02,-526.99,3.3399,532.02,532.04,1
256,ok,91.91,84.65,1332.80,748.66,175,19.48,-445.75,3.3363,1261.15,272.03,1203,-72.43,-530.40,3.3363,535.32,535.33,2
257,ok,91.72,86.91,1330.72,748.07,215,19.92,-446.82,3.3330,1260.52,272.74,1192,-71.80,-533.73,3.3330,538.54,538.55,2
258,ok,91.49,89.12,1328.68,747.40,255,20.39,-447.85,3.3298,1259.74,273.05,1176,-71.10,-536.97,3.3298,541.66,541.67,2
259,ok,91.23,91.27,1327.34,745.09,240,20.87,-448.83,3.3268,1258.27,272.96,1165,-70.36,-540.10,3.3268,544.66,544.67,2
260,ok,90.93,93.36,1325.56,743.82,228,21.39,-449.77,3.3240,1256.09,273.12,1135,-69.54,-543.13,3.3240,547.56,547.57,2
261,ok,90.58,95.40,1324.50,745.16,335,21.93,-450.68,3.3213,1253.79,273.33,1105,-68.65,-546.08,3.3213,550.38,550.39,2
262,ok,90.19,97.37,1321.19,747.65,533,22.49,-451.57,3.3188,1251.07,273.66,1088,-67.70,-548.94,3.3188,553.10,553.11,2
263,ok,89.76,99.29,1317.49,748.92,843,23.09,-452.45,3.3162,1249.32,272.94,1042,-66.67,-551.74,3.3162,555.75,555.76,2
264,ok,89.28,101.17,1314.10,751.73,1077,23.71,-453.31,3.3138,1246.37,273.89,1024,-65.57,-554.48,3.3138,558.34,558.35,2
265,ok,88.77,103.00,1310.87,754.29,1114,24.37,-454.15,3.3115,1240.68,274.89,1023,-64.40,-557.15,3.3115,560.86,560.87,2
266,ok,88.22,104.79,1313.18,751.56,1106,25.06,-454.98,3.3093,1238.73,276.03,1007,-63.16,-559.77,3.3093,563.32,563.33,2
267,ok,87.63,106.55,1312.96,751.20,1122,25.78,-455.77,3.3072,1234.21,277.14,988,-61.85,-562.32,3.3072,565.71,565.72,2
268,ok,87.00,108.28,1311.95,750.81,1117,26.54,-456.54,3.3052,1228.32,278.14,964,-60.46,-564.82,3.3052,568.05,568.06,2
269,ok,86.33,109.98,1312.14,750.46,1112,27.34,-457.28,3.3034,1222.62,279.51,961,-58.99,-567.26,3.3034,570.32,570.33,2
270,ok,85.63,111.67,1309.50,750.60,1139,28.17,-457.97,3.3017,1214.80,280.21,941,-57.46,-569.64,3.3017,572.53,572.54,2
271,ok,84.89,113.35,1310.49,748.88,1138,29.04,-458.63,3.3001,1209.17,282.16,919,-55.85,-571.98,3.3001,574.70,574.71,2
272,ok,84.12,115.02,1309.19,747.76,1126,29.95,-459.23,3.2988,1202.29,283.28,926,-54.17,-574.25,3.2988,576.80,576.81,2
273,ok,83.31,116.70,1307.72,747.65,1155,30.90,-459.79,3.2976,1194.47,285.54,937,-52.41,-576.49,3.2976,578.87,578.88,2
274,ok,82.50,117.76,1306.12,745.75,1159,31.88,-460.28,3.2967,1186.06,285.70,954,-50.62,-578.04,3.2967,580.25,580.26,2
275,ok,81.65,118.84,1302.26,741.98,1142,32.91,-460.71,3.2960,1177.54,284.54,972,-48.74,-579.55,3.2960,581.60,581.61,2
276,ok,80.77,119.89,1295.07,738.30,1107,33.97,-461.08,3.2955,1168.25,283.34,992,-46.80,-580.97,3.2955,582.85,582.86,2
277,ok,79.86,120.92,1286.44,732.60,1083,35.06,-461.41,3.2952,1160.24,281.31,1017,-44.80,-582.33,3.2952,584.05,584.06,2
278,ok,78.90,121.91,1272.15,726.35,1058,36.19,-461.70,3.2950,1151.23,279.50,1044,-42.71,-583.61,3.2950,585.17,585.18,2
279,ok,77.91,122.84,1255.01,718.27,1005,37.35,-461.97,3.2950,1142.76,277.39,1068,-40.56,-584.81,3.2950,586.21,586.22,2
280,ok,76.89,123.70,1235.17,711.27,979,38.54,-462.21,3.2950,1135.42,276.11,1077,-38.35,-585.91,3.2950,587.16,587.17,2
281,ok,75.83,124.47,1216.54,705.92,999,39.76,-462.45,3.2951,1127.30,275.27,1086,-36.07,-586.92,3.2951,588.03,588.04,2
282,ok,74.74,125.15,1198.94,704.45,962,41.01,-462.68,3.2952,1119.95,274.23,1086,-33.73,-587.83,3.2952,588.80,588.81,2
283,ok,73.63,125.73,1180.16,706.17,910,42.29,-462.91,3.2953,1112.09,274.44,1091,-31.34,-588.64,3.2953,589.47,589.48,2
284,ok,72.50,126.23,1154.50,713.94,793,43.60,-463.14,3.2955,1100.68,280.88,1100,-28.90,-589.37,3.2955,590.08,590.09,2
285,ok,71.36,126.67,1149.79,716.09,204,44.93,-463.34,3.2957,1096.56,274.53,1115,-26.43,-590.01,3.2957,590.60,590.61,2
286,ok,70.12,126.48,1104.21,727.03,271,46.28,-463.54,3.2960,1088.82,274.78,1124,-23.84,-590.02,3.2960,590.50,590.51,2
287,ok,68.80,125.68,1086.49,730.37,822,47.66,-463.74,3.2964,1079.36,275.07,1113,-21.14,-589.42,3.2964,589.80,589.81,2
288,ok,67.48,124.89,1061.25,737.32,841,49.06,-463.93,3.2967,1072.05,276.92,1105,-18.42,-588.82,3.2967,589.11,589.12,2
289,ok,66.16,124.12,1035.78,741.10,896,50.47,-464.12,3.2971,1062.74,277.80,1100,-15.69,-588.24,3.2971,588.45,588.46,2
290,ok,64.85,123.36,1013.05,744.07,911,51.91,-464.30,3.2975,1054.93,281.12,1094,-12.94,-587.66,3.2975,587.80,587.81,2
291,ok,63.56,122.62,994.35,742.53,898,53.35,-464.45,3.2980,1045.52,281.78,1081,-10.21,-587.07,3.2980,587.16,587.17,2
292,ok,62.37,121.28,982.28,742.17,926,54.82,-464.58,3.2985,1036.22,283.06,1092,-7.55,-585.86,3.2985,585.91,585.92,2
293,ok,61.19,119.93,973.42,745.77,1033,56.29,-464.69,3.2992,1025.47,286.64,1084,-4.90,-584.62,3.2992,584.64,584.65,2
294,ok,60.03,118.60,972.48,745.38,1070,57.77,-464.75,3.3000,1017.23,284.95,1090,-2.26,-583.35,3.3000,583.35,583.36,2
295,ok,58.88,117.25,969.69,746.40,1020,59.27,-464.78,3.3009,1007.39,285.04,1082,0.39,-582.03,3.3009,582.03,582.04,2
296,ok,57.74,115.91,967.09,747.41,1002,60.77,-464.78,3.3019,996.62,284.16,1074,3.03,-580.69,3.3019,580.70,580.71,2
297,ok,56.61,114.56,966.66,748.11,950,62.27,-464.75,3.3030,986.84,283.32,1055,5.66,-579.31,3.3030,579.34,579.35,2
298,ok,55.49,113.21,966.73,748.59,960,63.78,-464.70,3.3042,977.33,283.03,1064,8.29,-577.91,3.3042,577.97,577.98,2
299,ok,54.37,111.86,966.44,747.99,987,65.29,-464.63,3.3054,968.00,282.11,1060,10.92,-576.49,3.3054,576.59,576.60,2
300,ok,53.26,110.51,965.26,748.02,984,66.81,-464.55,3.3066,958.18,281.53,1060,13.55,-575.06,3.3066,575.22,575.23,2
301,ok,52.15,109.15,965.29,746.96,1013,68.32,-464.47,3.3079,948.72,281.00,1054,16.17,-573.62,3.3079,573.85,573.86,2
302,ok,51.05,107.79,964.74,746.81,1035,69.83,-464.38,3.3091,939.11,280.32,1053,18.78,-572.17,3.3091,572.48,572.49,2
303,ok,49.96,106.42,959.00,746.55,739,71.34,-464.28,3.3104,929.91,279.63,1058,21.38,-570.70,3.3104,571.10,571.11,2
304,foot_only,48.88,105.05,920.37,279.08,1073,72.85,-464.20,3.3117,,,,23.97,-569.25,3.3117,569.75,569.76,1
305,ok,47.75,104.89,971.90,738.85,477,74.35,-464.11,3.3130,910.70,279.11,1074,26.60,-569.00,3.3130,569.62,569.63,2
306,ok,46.62,104.71,962.49,745.12,1069,75.85,-464.03,3.3142,900.21,279.49,1081,29.23,-568.74,3.3142,569.49,569.50,2
307,ok,45.50,104.53,959.40,747.31,1058,77.34,-463.94,3.3155,890.09,285.37,1072,31.84,-568.47,3.3155,569.36,569.37,2
308,ok,44.39,104.35,962.16,743.72,1097,78.82,-463.83,3.3168,882.46,281.99,1076,34.43,-568.18,3.3168,569.22,569.23,2
309,ok,43.29,104.19,958.52,745.74,1073,80.30,-463.71,3.3182,872.46,287.12,1064,37.01,-567.90,3.3182,569.10,569.11,2
310,ok,42.19,104.04,959.92,741.26,1103,81.76,-463.54,3.3197,863.14,283.86,1080,39.57,-567.58,3.3197,568.96,568.97,2
311,ok,41.10,103.92,956.47,740.45,1102,83.21,-463.34,3.3213,852.69,285.92,1079,42.11,-567.26,3.3213,568.82,568.83,2
312,ok,40.00,103.82,953.78,737.51,1067,84.65,-463.10,3.3230,844.48,284.94,1096,44.65,-566.92,3.3230,568.68,568.69,2
313,ok,38.91,103.75,948.50,734.60,1093,86.07,-462.82,3.3248,833.82,283.90,1090,47.16,-566.57,3.3248,568.53,568.54,2
314,ok,37.83,103.70,939.79,730.12,1070,87.47,-462.49,3.3268,824.49,281.99,1095,49.64,-566.19,3.3268,568.36,568.37,2
315,ok,36.74,103.66,926.80,726.09,1049,88.85,-462.14,3.3289,815.09,280.72,1113,52.11,-565.80,3.3289,568.19,568.20,2
316,ok,35.65,103.62,910.70,719.03,982,90.22,-461.76,3.3310,806.26,279.81,1135,54.57,-565.38,3.3310,568.01,568.02,2
317,ok,34.56,103.55,893.82,714.46,931,91.57,-461.35,3.3332,797.55,279.14,1152,57.01,-564.90,3.3332,567.77,567.78,2
318,ok,33.48,103.43,877.31,712.63,969,92.89,-460.92,3.3354,788.07,277.98,1169,59.41,-564.35,3.3354,567.47,567.48,2
319,ok,32.40,103.24,859.36,715.35,862,94.19,-460.46,3.3378,781.01,277.45,1173,61.79,-563.70,3.3378,567.08,567.09,2
320,ok,31.34,102.99,841.53,719.59,722,95.47,-459.99,3.3401,772.96,277.07,1172,64.13,-562.98,3.3401,566.62,566.63,2
321,ok,30.28,102.69,825.53,725.38,481,96.73,-459.51,3.3425,764.27,276.39,1184,66.45,-562.20,3.3425,566.11,566.12,2
322,foot_only,29.23,102.33,756.95,276.30,1189,97.95,-459.01,3.3449,,,,68.72,-561.34,3.3449,565.53,565.54,1
323,ok,28.03,103.19,772.67,737.73,630,99.15,-458.51,3.3474,749.78,275.89,1182,71.12,-561.70,3.3474,566.18,566.19,2
324,ok,26.86,104.03,752.77,742.26,913,100.33,-458.01,3.3498,742.44,276.04,1190,73.47,-562.04,3.3498,566.82,566.83,2
325,ok,25.70,104.87,729.51,745.03,939,101.47,-457.51,3.3522,736.16,276.47,1173,75.77,-562.38,3.3522,567.46,567.47,2
326,ok,24.56,105.70,707.18,745.03,878,102.58,-457.01,3.3546,729.06,276.75,1167,78.02,-562.71,3.3546,568.09,568.10,2
327,ok,23.46,106.53,689.28,745.25,846,103.66,-456.50,3.3570,722.16,277.44,1145,80.20,-563.03,3.3570,568.71,568.72,2
328,ok,22.38,107.37,675.56,744.77,922,104.71,-455.98,3.3594,714.84,277.98,1116,82.33,-563.35,3.3594,569.33,569.34,2
329,ok,21.35,108.21,667.37,746.38,988,105.72,-455.44,3.3619,708.15,279.55,1094,84.37,-563.65,3.3619,569.93,569.94,2
330,ok,20.35,109.06,666.04,748.24,911,106.69,-454.88,3.3644,700.77,279.26,1067,86.34,-563.94,3.3644,570.51,570.52,2
331,ok,19.50,109.35,665.80,749.92,845,107.63,-454.29,3.3670,692.95,279.47,1049,88.13,-563.64,3.3670,570.49,570.50,2
332,ok,18.81,109.08,664.82,750.26,809,108.52,-453.68,3.3697,684.62,279.00,1015,89.71,-562.76,3.3697,569.87,569.88,2
333,ok,18.14,108.82,665.04,749.60,837,109.37,-453.02,3.3724,677.18,277.68,980,91.23,-561.84,3.3724,569.20,569.21,2
334,ok,17.51,108.59,664.43,750.34,848,110.18,-452.34,3.3753,669.41,277.28,941,92.67,-560.93,3.3753,568.53,568.54,2
335,ok,16.90,108.38,665.27,749.39,861,110.94,-451.61,3.3783,662.05,274.98,903,94.04,-559.99,3.3783,567.83,567.84,2
336,ok,16.34,107.58,664.77,749.37,887,111.66,-450.86,3.3814,654.86,273.82,885,95.32,-558.44,3.3814,566.52,566.53,2
337,ok,15.82,106.80,664.26,750.04,898,112.33,-450.07,3.3846,649.60,273.80,870,96.51,-556.87,3.3846,565.17,565.18,2
338,ok,15.32,106.02,664.26,748.85,917,112.95,-449.25,3.3879,643.21,272.26,857,97.63,-555.27,3.3879,563.79,563.80,2
339,ok,14.86,105.23,663.68,748.98,917,113.53,-448.40,3.3913,637.88,271.76,858,98.67,-553.63,3.3913,562.35,562.36,2
340,ok,14.42,104.43,663.44,748.72,918,114.07,-447.54,3.3947,633.12,270.81,846,99.65,-551.97,3.3947,560.89,560.90,2
341,ok,14.02,103.59,662.74,748.56,924,114.56,-446.66,3.3982,628.60,270.01,854,100.54,-550.25,3.3982,559.36,559.37,2
342,ok,13.65,102.73,663.15,748.10,921,115.01,-445.76,3.4017,625.13,269.55,863,101.36,-548.49,3.4017,557.78,557.79,2
343,ok,13.32,101.83,662.19,748.16,932,115.42,-444.85,3.4053,620.83,268.92,867,102.10,-546.68,3.4053,556.13,556.14,2
344,ok,13.02,100.91,657.75,749.25,730,115.80,-443.93,3.4090,618.33,268.65,877,102.78,-544.84,3.4090,554.45,554.46,2
345,ok,12.75,99.95,652.87,749.18,456,116.13,-442.99,3.4127,614.81,267.97,871,103.38,-542.94,3.4127,552.69,552.71,2
346,ok,12.51,98.97,647.70,744.89,176,116.42,-442.03,3.4164,611.95,267.15,861,103.91,-541.00,3.4164,550.89,550.90,2
347,ok,12.32,97.96,674.85,745.25,213,116.69,-441.06,3.4203,610.20,266.77,878,104.37,-539.02,3.4203,549.03,549.04,2
348,ok,12.14,96.92,671.27,746.21,427,116.91,-440.07,3.4242,608.84,266.64,860,104.77,-536.99,3.4242,547.12,547.13,2
349,ok,11.99,95.86,667.71,747.89,568,117.11,-439.05,3.4282,607.98,267.23,875,105.12,-534.91,3.4282,545.14,545.15,2
350,ok,11.87,94.80,666.03,747.75,686,117.27,-438.00,3.4323,607.24,266.50,873,105.40,-532.80,3.4323,543.13,543.14,2
351,ok,11.76,93.72,664.47,747.71,747,117.41,-436.92,3.4366,607.40,266.14,865,105.65,-530.64,3.4366,541.06,541.07,2
352,ok,11.67,92.62,663.92,747.75,795,117.51,-435.80,3.4410,608.35,265.71,888,105.84,-528.42,3.4410,538.92,538.93,2
353,ok,11.60,91.49,663.44,746.98,832,117.59,-434.64,3.4456,608.78,265.53,899,105.99,-526.13,3.4456,536.70,536.71,2
354,ok,11.61,89.70,661.76,747.62,815,117.65,-433.45,3.4503,609.75,266.06,908,106.04,-523.15,3.4503,533.79,533.80,2
355,ok,11.64,87.87,662.48,746.31,796,117.68,-432.21,3.4553,610.73,264.89,894,106.04,-520.08,3.4553,530.78,530.79,2
356,ok,11.68,86.00,662.46,745.48,747,117.68,-430.93,3.4604,612.21,264.59,891,106.00,-516.93,3.4604,527.69,527.70,2
357,ok,11.72,84.06,661.10,743.91,686,117.67,-429.61,3.4657,613.59,263.46,875,105.95,-513.67,3.4657,524.48,524.49,2
358,ok,11.76,82.07,660.12,742.41,597,117.64,-428.25,3.4712,615.00,262.17,883,105.88,-510.32,3.4712,521.19,521.20,2
359,ok,11.81,80.02,657.61,739.35,441,117.60,-426.86,3.4769,616.95,260.27,889,105.79,-506.88,3.4769,517.80,517.81,2
360,ok,11.86,77.90,654.33,736.15,182,117.55,-425.44,3.4828,618.51,257.71,894,105.69,-503.34,3.4828,514.32,514.33,2
361,foot_only,11.92,75.70,619.69,255.07,898,117.48,-423.99,3.4888,,,,105.56,-499.69,3.4888,510.72,510.73,1
362,foot_only,11.74,74.59,620.90,252.94,916,117.41,-422.52,3.4949,,,,105.67,-497.11,3.4949,508.22,508.23,1
363,ok,11.34,74.55,606.90,734.48,87,117.34,-421.03,3.5012,621.00,251.30,957,106.00,-495.58,3.5012,506.79,506.80,2
364,ok,10.95,74.43,607.29,733.87,130,117.27,-419.52,3.5076,621.35,249.15,963,106.32,-493.95,3.5076,505.26,505.28,2
365,ok,10.57,74.22,604.68,735.09,311,117.19,-418.02,3.5141,620.37,247.31,982,106.62,-492.24,3.5141,503.65,503.67,2
366,ok,10.22,73.94,599.29,736.10,809,117.13,-416.51,3.5206,619.47,245.52,1011,106.91,-490.45,3.5206,501.97,501.98,2
367,ok,9.88,73.57,590.39,741.80,931,117.06,-415.00,3.5272,617.96,243.46,1013,107.18,-488.57,3.5272,500.19,500.20,2
368,ok,9.55,73.15,579.08,752.92,925,117.01,-413.49,3.5339,615.87,241.90,1021,107.46,-486.64,3.5339,498.36,498.38,2
369,ok,9.24,72.68,568.07,765.87,943,116.95,-411.98,3.5406,613.96,241.27,1018,107.71,-484.66,3.5406,496.48,496.50,2
370,ok,8.93,72.19,558.84,775.57,1070,116.91,-410.47,3.5474,611.41,239.63,1012,107.98,-482.66,3.5474,494.59,494.60,2
371,ok,8.64,71.70,550.37,784.84,1134,116.86,-408.96,3.5542,608.61,239.03,1024,108.22,-480.66,3.5542,492.69,492.71,2
372,ok,8.35,71.23,544.67,791.47,1175,116.83,-407.46,3.5611,605.34,238.29,1015,108.48,-478.69,3.5611,490.83,490.84,2
373,ok,8.07,70.78,539.58,796.39,1243,116.80,-405.94,3.5681,601.35,238.22,1016,108.73,-476.72,3.5681,488.96,488.98,2
374,ok,7.79,70.36,534.92,799.99,1293,116.77,-404.43,3.5752,596.97,238.01,1034,108.98,-474.79,3.5752,487.14,487.15,2
375,ok,7.52,69.97,534.49,803.09,1318,116.74,-402.91,3.5823,591.81,237.78,1043,109.22,-472.88,3.5823,485.33,485.34,2
376,ok,7.25,69.61,538.26,807.92,1241,116.72,-401.38,3.5896,585.76,238.04,1048,109.47,-470.99,3.5896,483.54,483.56,2
377,ok,6.98,69.28,541.88,811.72,1190,116.69,-399.84,3.5969,579.57,236.78,1067,109.71,-469.12,3.5969,481.78,481.79,2
378,ok,6.71,68.99,541.86,812.55,1210,116.66,-398.30,3.6044,572.83,233.76,1089,109.95,-467.29,3.6044,480.05,480.06,2
379,ok,6.44,68.71,541.65,813.38,1164,116.63,-396.74,3.6120,566.35,230.84,1131,110.19,-465.45,3.6120,478.32,478.33,2
380,ok,6.17,68.47,541.18,813.43,1197,116.60,-395.18,3.6197,559.80,227.32,1177,110.43,-463.65,3.6197,476.62,476.63,2
381,ok,5.91,68.24,541.10,814.06,1196,116.56,-393.64,3.6274,554.33,225.19,1224,110.65,-461.88,3.6274,474.95,474.96,2
382,ok,5.65,68.02,541.30,813.33,1199,116.52,-392.10,3.6351,549.63,222.35,1286,110.87,-460.12,3.6351,473.29,473.30,2
383,ok,5.39,67.82,540.82,813.92,1195,116.48,-390.57,3.6429,545.42,220.72,1326,111.09,-458.39,3.6429,471.66,471.67,2
384,ok,5.14,67.63,540.35,813.87,1162,116.43,-389.06,3.6506,541.38,218.76,1382,111.29,-456.69,3.6506,470.05,470.07,2
385,ok,4.89,67.46,539.83,813.54,1145,116.38,-387.56,3.6584,538.09,216.81,1437,111.49,-455.02,3.6584,468.48,468.49,2
386,ok,4.65,67.29,539.05,813.95,1117,116.32,-386.09,3.6661,535.11,215.63,1494,111.67,-453.38,3.6661,466.93,466.94,2
387,ok,4.41,67.14,538.48,814.59,1106,116.26,-384.64,3.6738,533.81,214.41,1568,111.85,-451.78,3.6738,465.42,465.43,2
388,ok,4.18,67.00,538.37,813.39,1102,116.20,-383.21,3.6814,529.97,211.84,1631,112.02,-450.21,3.6814,463.94,463.95,2
389,ok,3.95,66.88,538.24,812.86,1119,116.13,-381.81,3.6890,527.86,210.21,1709,112.18,-448.69,3.6890,462.50,462.52,2
390,ok,3.72,66.78,538.27,812.99,1117,116.05,-380.42,3.6966,525.78,209.33,1772,112.33,-447.20,3.6966,461.09,461.11,2
391,ok,3.50,66.69,534.49,813.60,897,115.97,-379.06,3.7041,524.29,208.51,1809,112.47,-445.75,3.7041,459.72,459.74,2
392,ok,3.28,66.63,528.19,811.99,558,115.88,-377.72,3.7116,523.31,208.20,1849,112.60,-444.35,3.7116,458.39,458.41,2
393,ok,3.18,66.01,503.41,815.72,343,115.77,-376.40,3.7191,504.75,203.79,1957,112.59,-442.41,3.7191,456.51,456.53,2
394,ok,3.21,64.84,518.50,811.24,205,115.66,-375.10,3.7266,522.52,207.50,1933,112.45,-439.94,3.7266,454.08,454.10,2
395,ok,3.24,63.70,515.41,810.54,106,115.54,-373.81,3.7340,523.41,206.96,1952,112.30,-437.51,3.7340,451.69,451.71,2
396,ok,3.26,62.57,513.73,810.26,93,115.40,-372.52,3.7415,524.71,205.96,1979,112.14,-435.09,3.7415,449.31,449.32,2
397,ok,3.29,61.47,513.01,810.25,111,115.25,-371.24,3.7491,525.81,204.88,1998,111.96,-432.71,3.7491,446.96,446.98,2
398,ok,3.32,60.38,509.89,810.12,93,115.08,-369.97,3.7566,527.48,203.71,2005,111.76,-430.35,3.7566,444.63,444.64,2
399,ok,3.35,59.31,508.15,809.21,149,114.91,-368.70,3.7643,529.50,200.48,2028,111.56,-428.01,3.7643,442.31,442.33,2
400,ok,3.38,58.24,504.79,810.11,242,114.72,-367.43,3.7719,531.36,198.79,2067,111.34,-425.67,3.7719,439.99,440.01,2
401,ok,3.42,57.16,503.15,810.14,334,114.52,-366.18,3.7795,533.18,196.96,2081,111.10,-423.34,3.7795,437.68,437.69,2
402,ok,3.46,56.05,502.36,810.61,393,114.31,-364.93,3.7872,534.04,195.32,2092,110.85,-420.98,3.7872,435.33,435.35,3
403,ok,3.51,54.93,498.33,809.86,537,114.10,-363.70,3.7948,534.20,193.56,2138,110.59,-418.63,3.7948,432.99,433.01,2
404,ok,3.57,53.77,492.34,814.39,705,113.87,-362.49,3.8023,534.73,191.74,2152,110.30,-416.26,3.8023,430.63,430.64,2
405,ok,3.63,52.58,486.41,817.79,987,113.63,-361.29,3.8098,534.79,189.91,2199,110.00,-413.87,3.8098,428.24,428.26,2
406,ok,3.71,51.37,476.64,827.91,1268,113.39,-360.13,3.8172,533.34,188.20,2203,109.68,-411.50,3.8172,425.87,425.88,3
407,ok,3.79,50.14,466.48,840.02,1410,113.14,-358.99,3.8244,533.04,185.26,2202,109.35,-409.13,3.8244,423.49,423.51,3
408,ok,3.88,48.91,455.13,851.58,1479,112.88,-357.88,3.8314,531.92,182.95,2190,109.00,-406.79,3.8314,421.14,421.16,3
409,ok,3.98,47.69,445.27,862.20,1424,112.62,-356.82,3.8383,531.20,181.29,2188,108.64,-404.51,3.8383,418.84,418.86,3
410,ok,4.08,46.48,437.40,870.69,1467,112.35,-355.79,3.8449,530.19,179.97,2189,108.27,-402.27,3.8449,416.59,416.60,3
411,ok,4.19,45.29,431.18,878.09,1676,112.07,-354.80,3.8513,529.20,178.43,2179,107.88,-400.09,3.8513,414.38,414.40,3
412,ok,4.30,44.14,428.80,885.01,1935,111.78,-353.85,3.8575,527.97,176.90,2175,107.48,-397.99,3.8575,412.25,412.27,3
413,ok,4.42,43.04,432.33,890.30,1834,111.48,-352.93,3.8635,525.90,176.15,2169,107.06,-395.97,3.8635,410.19,410.21,3
414,ok,4.54,41.98,437.94,893.57,1692,111.17,-352.05,3.8693,523.37,176.24,2182,106.63,-394.03,3.8693,408.20,408.22,3
415,ok,4.66,40.99,419.52,896.82,1988,110.84,-351.19,3.8748,504.78,169.58,2225,106.18,-392.18,3.8748,406.30,406.32,3
416,ok,4.78,40.05,440.87,892.54,1994,110.50,-350.38,3.8801,518.53,173.28,2131,105.72,-390.43,3.8801,404.49,404.51,3
417,ok,4.91,39.18,440.38,893.32,1944,110.13,-349.60,3.8852,516.58,171.19,2062,105.22,-388.78,3.8852,402.77,402.79,3
418,ok,5.05,38.37,439.38,893.70,1908,109.75,-348.85,3.8901,513.86,168.85,2025,104.70,-387.22,3.8901,401.13,401.14,3
419,ok,5.20,37.62,439.36,894.01,1908,109.36,-348.14,3.8947,512.63,166.70,1968,104.16,-385.76,3.8947,399.57,399.59,3
420,ok,5.36,36.93,439.34,894.09,1894,108.94,-347.46,3.8991,511.31,164.93,1919,103.58,-384.39,3.8991,398.10,398.12,2
421,ok,5.55,36.29,439.65,894.25,1877,108.50,-346.82,3.9032,510.92,163.11,1867,102.95,-383.11,3.9032,396.70,396.72,2
422,ok,5.75,35.69,438.08,894.98,1833,108.04,-346.22,3.9070,508.23,161.64,1784,102.29,-381.91,3.9070,395.37,395.39,2
423,ok,5.98,35.15,439.26,894.54,1838,107.55,-345.67,3.9105,509.94,158.73,1722,101.57,-380.82,3.9105,394.13,394.15,2
424,ok,6.25,34.64,438.19,895.46,1837,107.05,-345.16,3.9136,509.87,158.25,1738,100.80,-379.80,3.9136,392.95,392.97,2
425,ok,6.54,34.17,439.73,894.58,1828,106.52,-344.69,3.9164,512.50,156.40,1730,99.98,-378.86,3.9164,391.83,391.85,2
426,ok,6.87,33.74,439.72,894.36,1820,105.97,-344.28,3.9189,516.10,155.21,1704,99.10,-378.02,3.9189,390.79,390.81,2
427,ok,7.23,33.36,438.61,894.16,1810,105.40,-343.91,3.9209,519.15,155.04,1693,98.17,-377.27,3.9209,389.83,389.85,2
428,ok,7.63,33.02,439.38,894.22,1822,104.80,-343.60,3.9225,523.93,154.04,1642,97.17,-376.62,3.9225,388.95,388.97,2
429,ok,8.07,32.72,439.10,893.86,1813,104.18,-343.35,3.9238,528.54,153.76,1591,96.11,-376.07,3.9238,388.16,388.18,2
430,ok,8.54,32.46,438.73,894.11,1811,103.53,-343.14,3.9246,533.99,154.08,1570,94.99,-375.60,3.9246,387.43,387.45,2
431,ok,9.06,32.25,438.27,893.58,1806,102.86,-342.98,3.9251,539.93,154.33,1531,93.80,-375.23,3.9251,386.78,386.80,2
432,ok,9.60,32.08,416.12,899.71,1859,102.16,-342.86,3.9253,528.52,149.27,1554,92.56,-374.94,3.9253,386.20,386.22,2
433,ok,10.19,31.96,438.15,893.33,1793,101.42,-342.78,3.9251,554.25,156.07,1486,91.23,-374.74,3.9251,385.69,385.71,2
434,ok,10.81,31.87,438.53,893.02,1825,100.66,-342.74,3.9246,562.50,157.04,1459,89.85,-374.61,3.9246,385.23,385.25,2
435,ok,11.47,31.83,438.56,892.09,1803,99.87,-342.74,3.9238,571.46,158.07,1438,88.40,-374.57,3.9238,384.86,384.88,2
436,ok,12.17,31.83,439.77,892.09,1769,99.05,-342.76,3.9228,581.66,160.35,1427,86.88,-374.59,3.9228,384.53,384.55,2
437,ok,12.90,31.87,441.49,891.05,1787,98.21,-342.81,3.9216,592.14,162.43,1416,85.31,-374.68,3.9216,384.27,384.29,2
438,ok,13.67,31.93,443.29,890.82,1812,97.33,-342.87,3.9203,603.22,165.22,1399,83.66,-374.80,3.9203,384.02,384.04,2
439,ok,14.48,32.02,445.58,888.65,1853,96.43,-342.96,3.9188,615.91,166.58,1393,81.95,-374.98,3.9188,383.83,383.85,2
440,ok,15.33,32.12,449.41,887.31,1849,95.50,-343.05,3.9172,628.69,168.06,1380,80.17,-375.17,3.9172,383.64,383.66,2
441,ok,16.21,32.23,454.79,883.52,1855,94.54,-343.15,3.9155,642.00,167.27,1369,78.33,-375.38,3.9155,383.47,383.49,2
442,ok,17.14,32.35,462.38,879.42,1976,93.55,-343.25,3.9137,655.03,167.01,1324,76.41,-375.60,3.9137,383.29,383.31,2
443,ok,18.10,32.45,476.90,873.62,2050,92.55,-343.37,3.9119,669.90,166.18,1333,74.45,-375.82,3.9119,383.12,383.14,2
444,ok,19.11,32.54,493.86,866.81,1957,91.52,-343.49,3.9100,683.23,166.22,1322,72.41,-376.03,3.9100,382.94,382.96,2
445,ok,20.15,32.61,516.10,859.41,1864,90.47,-343.63,3.9079,696.07,166.17,1335,70.32,-376.24,3.9079,382.76,382.78,2
446,ok,21.23,32.65,542.18,853.29,1868,89.40,-343.78,3.9058,708.21,166.44,1366,68.17,-376.43,3.9058,382.55,382.57,2
447,ok,22.34,32.65,567.98,850.11,1980,88.32,-343.93,3.9036,718.66,165.73,1374,65.98,-376.58,3.9036,382.32,382.34,2
448,ok,23.49,32.62,595.40,849.45,2070,87.23,-344.11,3.9012,729.84,165.34,1394,63.74,-376.73,3.9012,382.08,382.10,2
449,ok,24.66,32.54,625.67,853.39,2218,86.12,-344.29,3.8988,741.49,165.92,1408,61.46,-376.83,3.8988,381.81,381.83,2
450,ok,25.85,32.44,660.40,862.02,2378,84.99,-344.49,3.8962,751.70,166.48,1410,59.14,-376.93,3.8962,381.54,381.56,2
451,ok,27.05,32.31,694.52,872.20,2262,83.86,-344.69,3.8937,762.78,166.50,1403,56.81,-377.00,3.8937,381.26,381.28,2
452,ok,28.26,32.18,730.36,883.45,2460,82.72,-344.89,3.8910,773.54,166.77,1418,54.46,-377.07,3.8910,380.98,381.00,2
453,ok,29.46,32.05,772.85,893.74,2368,81.56,-345.10,3.8884,784.82,167.81,1442,52.10,-377.15,3.8884,380.73,380.75,2
454,ok,30.66,31.95,811.26,901.44,2397,80.39,-345.31,3.8857,795.22,169.16,1445,49.73,-377.26,3.8857,380.52,380.54,2
455,ok,31.84,31.87,847.86,904.52,2399,79.22,-345.52,3.8830,805.92,170.76,1440,47.38,-377.39,3.8830,380.35,380.37,2
456,ok,33.01,31.82,881.91,903.35,2326,78.04,-345.72,3.8804,817.07,171.86,1454,45.03,-377.54,3.8804,380.22,380.24,2
457,ok,34.16,31.81,904.04,901.26,2336,76.85,-345.92,3.8779,828.62,172.73,1464,42.69,-377.73,3.8779,380.13,380.15,2
458,ok,35.28,31.83,916.85,898.75,2399,75.66,-346.10,3.8754,839.89,173.51,1479,40.38,-377.93,3.8754,380.08,380.10,2
459,ok,36.39,31.87,919.86,899.33,2386,74.46,-346.27,3.8730,851.36,173.41,1485,38.07,-378.14,3.8730,380.05,380.07,2
460,ok,37.47,31.93,922.91,900.10,2206,73.25,-346.43,3.8706,862.31,172.50,1496,35.78,-378.36,3.8706,380.05,380.07,2
461,ok,38.54,32.00,911.28,908.08,2279,72.05,-346.58,3.8684,861.14,166.82,1551,33.51,-378.58,3.8684,380.06,380.08,2
462,ok,39.59,32.10,924.39,900.04,2156,70.84,-346.73,3.8662,885.38,167.32,1517,31.25,-378.83,3.8662,380.12,380.14,2
463,ok,40.63,32.20,924.77,900.17,2167,69.62,-346.87,3.8640,897.13,165.85,1527,28.99,-379.07,3.8640,380.18,380.20,2
464,ok,41.66,32.31,925.42,899.89,2201,68.41,-347.01,3.8619,908.03,164.08,1502,26.75,-379.32,3.8619,380.26,380.28,2
465,ok,42.68,32.42,925.88,900.31,2170,67.20,-347.15,3.8597,918.94,163.44,1499,24.52,-379.57,3.8597,380.36,380.38,2
466,ok,43.69,32.55,926.14,901.36,2162,65.99,-347.30,3.8576,929.82,163.27,1441,22.30,-379.85,3.8576,380.50,380.52,2
467,ok,44.69,32.69,926.33,899.86,2197,64.79,-347.45,3.8553,939.56,162.29,1355,20.10,-380.14,3.8553,380.67,380.69,2
468,ok,45.68,32.84,926.81,899.38,2219,63.58,-347.62,3.8530,949.40,163.01,1216,17.90,-380.46,3.8530,380.88,380.90,2
469,ok,46.67,33.00,925.98,900.62,2252,62.38,-347.79,3.8507,960.08,163.36,1189,15.71,-380.79,3.8507,381.11,381.13,2
470,ok,47.64,33.17,927.38,899.24,2262,61.19,-347.97,3.8483,971.19,163.06,1135,13.55,-381.14,3.8483,381.38,381.40,2
471,ok,48.61,33.35,928.13,898.11,2248,59.99,-348.16,3.8458,984.13,163.03,1240,11.38,-381.51,3.8458,381.68,381.70,2
472,ok,49.57,33.55,928.41,898.37,2232,58.80,-348.35,3.8433,995.42,163.99,1276,9.23,-381.90,3.8433,382.01,382.03,2
473,ok,50.53,33.75,929.26,897.31,2221,57.62,-348.55,3.8408,1007.75,165.66,1325,7.09,-382.30,3.8408,382.37,382.39,2
474,ok,51.47,33.97,929.83,897.01,2236,56.44,-348.76,3.8382,1019.04,168.00,1337,4.97,-382.73,3.8382,382.76,382.78,2
475,ok,52.40,34.20,930.86,895.98,2283,55.27,-348.96,3.8357,1030.49,170.84,1334,2.87,-383.16,3.8357,383.17,383.19,2
476,ok,53.33,34.46,931.54,895.95,2307,54.10,-349.16,3.8332,1041.20,174.63,1318,0.77,-383.62,3.8332,383.62,383.64,2
477,ok,54.26,34.73,933.28,893.73,2314,52.93,-349.35,3.8307,1051.77,175.25,1314,-1.33,-384.08,3.8307,384.08,384.10,2
478,ok,55.18,35.03,936.58,891.07,2313,51.78,-349.52,3.8284,1062.78,176.87,1283,-3.40,-384.55,3.8284,384.57,384.58,2
479,ok,56.09,35.36,942.62,886.65,2316,50.63,-349.68,3.8262,1074.65,177.34,1254,-5.46,-385.04,3.8262,385.08,385.10,2
480,ok,57.01,35.70,949.87,881.22,2308,49.48,-349.83,3.8240,1085.94,176.64,1201,-7.53,-385.53,3.8240,385.60,385.62,2
481,ok,57.92,36.06,955.69,876.32,2425,48.35,-349.96,3.8220,1093.82,174.01,1155,-9.57,-386.02,3.8220,386.14,386.16,2
482,ok,58.85,36.43,975.50,867.30,2498,47.22,-350.09,3.8201,1108.24,174.31,1108,-11.63,-386.52,3.8201,386.69,386.71,2
483,ok,59.77,36.78,995.37,859.48,2547,46.11,-350.20,3.8182,1119.36,174.01,1123,-13.66,-386.98,3.8182,387.22,387.24,2
484,ok,60.70,37.12,1019.00,850.56,2338,45.00,-350.31,3.8164,1129.32,175.08,1109,-15.70,-387.43,3.8164,387.75,387.77,2
485,ok,61.64,37.42,1040.23,843.07,2244,43.91,-350.41,3.8147,1138.77,175.33,1133,-17.73,-387.83,3.8147,388.24,388.25,2
486,ok,62.59,37.68,1061.23,838.83,2280,42.83,-350.51,3.8130,1148.84,175.00,1181,-19.76,-388.19,3.8130,388.69,388.71,2
487,ok,63.54,37.89,1084.81,840.16,2205,41.77,-350.60,3.8113,1158.07,175.08,1213,-21.77,-388.49,3.8113,389.10,389.12,2
488,ok,64.49,38.05,1113.43,844.51,2255,40.72,-350.70,3.8097,1167.94,174.62,1165,-23.77,-388.75,3.8097,389.48,389.49,2
489,ok,65.44,38.16,1138.40,851.69,2210,39.69,-350.80,3.8080,1177.21,174.48,1219,-25.75,-388.96,3.8080,389.81,389.83,2
490,ok,66.38,38.25,1165.47,860.49,2242,38.67,-350.90,3.8063,1186.66,174.20,1192,-27.71,-389.15,3.8063,390.14,390.15,2
491,ok,67.32,38.31,1194.51,870.00,2370,37.66,-351.02,3.8045,1195.90,174.59,1167,-29.66,-389.33,3.8045,390.46,390.48,2
492,ok,68.24,38.35,1226.60,877.69,2290,36.68,-351.15,3.8027,1205.43,175.01,1168,-31.56,-389.50,3.8027,390.78,390.80,2
493,ok,69.15,38.39,1255.72,882.98,2283,35.71,-351.29,3.8009,1213.93,175.17,1179,-33.44,-389.68,3.8009,391.11,391.13,2
494,ok,70.03,38.42,1284.55,884.94,2060,34.76,-351.43,3.7990,1223.60,175.81,1231,-35.27,-389.85,3.7990,391.44,391.46,2
495,ok,70.89,38.46,1303.11,883.02,2282,33.83,-351.59,3.7971,1232.33,176.78,1311,-37.06,-390.05,3.7971,391.81,391.83,2
496,ok,71.72,38.51,1313.03,881.45,2470,32.92,-351.75,3.7952,1241.73,176.53,1422,-38.80,-390.26,3.7952,392.18,392.20,2
497,ok,72.52,38.57,1312.72,883.07,2363,32.03,-351.92,3.7932,1250.06,177.87,1479,-40.49,-390.49,3.7932,392.58,392.60,2
498,ok,73.29,38.65,1313.76,883.57,2087,31.16,-352.09,3.7913,1260.42,177.05,1541,-42.13,-390.74,3.7913,393.00,393.02,2
499,ok,74.04,38.75,1314.83,881.54,2080,30.31,-352.27,3.7893,1269.77,175.19,1563,-43.73,-391.02,3.7893,393.46,393.48,2
500,ok,74.77,38.87,1315.60,881.82,2116,29.48,-352.46,3.7873,1280.68,173.15,1586,-45.29,-391.33,3.7873,393.94,393.96,2
501,ok,75.46,39.01,1315.46,883.34,2134,28.68,-352.66,3.7853,1291.15,171.94,1620,-46.78,-391.67,3.7853,394.45,394.47,2
502,ok,76.14,39.17,1315.42,883.35,2131,27.89,-352.89,3.7832,1300.07,169.67,1648,-48.25,-392.06,3.7832,395.02,395.04,2
503,ok,76.79,39.35,1315.51,883.36,2150,27.13,-353.13,3.7810,1308.28,168.77,1654,-49.66,-392.48,3.7810,395.61,395.63,2
504,ok,77.42,39.56,1315.45,883.59,2147,26.40,-353.39,3.7786,1315.62,168.72,1664,-51.02,-392.95,3.7786,396.25,396.27,2
505,ok,78.03,39.79,1315.81,882.50,2220,25.69,-353.69,3.7761,1322.58,168.43,1653,-52.34,-393.48,3.7761,396.95,396.96,2
506,ok,78.62,40.05,1316.61,881.89,2237,25.00,-354.01,3.7735,1328.98,168.62,1653,-53.62,-394.06,3.7735,397.69,397.71,2
507,ok,79.19,40.33,1317.95,881.27,2234,24.33,-354.37,3.7706,1335.03,168.62,1652,-54.86,-394.70,3.7706,398.49,398.51,2
508,ok,79.75,40.64,1318.40,880.89,2217,23.68,-354.76,3.7676,1340.94,168.39,1632,-56.07,-395.40,3.7676,399.36,399.37,2
509,ok,80.28,40.99,1319.02,880.22,2224,23.06,-355.20,3.7643,1346.39,168.03,1601,-57.22,-396.19,3.7643,400.30,400.32,2
510,ok,80.79,41.37,1318.33,880.47,2233,22.45,-355.67,3.7608,1350.86,168.02,1592,-58.34,-397.04,3.7608,401.30,401.32,2
511,ok,81.28,41.79,1319.12,879.25,2217,21.86,-356.19,3.7571,1355.63,168.20,1574,-59.42,-397.98,3.7571,402.39,402.41,2
512,ok,81.75,42.24,1317.81,880.05,2236,21.30,-356.75,3.7531,1358.50,170.85,1547,-60.45,-398.99,3.7531,403.54,403.56,2
513,ok,82.20,42.73,1319.27,878.89,2249,20.75,-357.35,3.7489,1361.73,170.16,1548,-61.45,-400.08,3.7489,404.77,404.79,2
514,ok,82.63,43.26,1318.96,878.51,2276,20.22,-358.00,3.7444,1363.58,171.21,1522,-62.41,-401.26,3.7444,406.08,406.10,2
515,ok,83.04,43.83,1319.02,878.62,2282,19.70,-358.68,3.7398,1365.01,172.94,1510,-63.34,-402.51,3.7398,407.46,407.48,2
516,ok,83.44,44.46,1319.30,878.29,2276,19.20,-359.39,3.7349,1365.97,174.62,1513,-64.24,-403.85,3.7349,408.93,408.94,2
517,ok,83.83,45.13,1319.11,878.02,2340,18.71,-360.15,3.7299,1366.14,177.20,1469,-65.12,-405.28,3.7299,410.48,410.50,2
518,ok,84.21,45.86,1319.32,877.22,2345,18.24,-360.93,3.7246,1365.75,179.89,1473,-65.97,-406.79,3.7246,412.10,412.12,2
519,ok,84.58,46.65,1320.09,876.76,2362,17.78,-361.74,3.7193,1364.54,183.57,1479,-66.80,-408.39,3.7193,413.82,413.83,2
520,ok,84.94,47.48,1321.15,875.76,2372,17.33,-362.58,3.7138,1363.97,186.03,1465,-67.61,-410.06,3.7138,415.60,415.61,2
521,ok,85.30,48.37,1322.68,874.39,2410,16.89,-363.43,3.7083,1363.53,189.62,1520,-68.41,-411.80,3.7083,417.44,417.46,2
522,ok,85.66,49.29,1323.25,871.79,2362,16.46,-364.30,3.7026,1361.83,192.07,1524,-69.20,-413.59,3.7026,419.34,419.36,2
523,ok,86.02,50.25,1324.43,870.02,2376,16.04,-365.18,3.6970,1361.74,194.55,1541,-69.98,-415.43,3.6970,421.28,421.30,2
524,ok,86.38,51.24,1325.79,865.04,2381,15.63,-366.07,3.6913,1361.83,195.15,1541,-70.75,-417.31,3.6913,423.26,423.28,2
525,ok,86.74,52.25,1327.55,858.59,2406,15.23,-366.98,3.6856,1361.67,195.78,1531,-71.51,-419.23,3.6856,425.29,425.30,2
526,ok,87.11,53.27,1333.15,847.90,2337,14.83,-367.89,3.6798,1362.83,196.46,1512,-72.28,-421.16,3.6798,427.32,427.33,2
527,ok,87.49,54.30,1340.23,838.27,2175,14.44,-368.83,3.6740,1363.84,197.68,1479,-73.05,-423.13,3.6740,429.39,429.41,2
528,ok,87.86,55.33,1348.71,830.80,1994,14.05,-369.78,3.6680,1365.24,198.75,1398,-73.81,-425.11,3.6680,431.47,431.49,2
529,ok,88.24,56.35,1354.73,826.71,1962,13.66,-370.76,3.6620,1366.03,199.32,1378,-74.58,-427.11,3.6620,433.57,433.59,2
530,ok,88.61,57.34,1361.37,825.71,1980,13.27,-371.77,3.6559,1367.62,200.12,1348,-75.34,-429.11,3.6559,435.67,435.69,2
531,ok,88.98,58.32,1370.21,825.80,1953,12.88,-372.81,3.6497,1369.33,200.92,1337,-76.10,-431.13,3.6497,437.79,437.81,2
532,ok,89.34,59.29,1379.64,826.61,1938,12.48,-373.88,3.6433,1370.05,201.72,1367,-76.86,-433.17,3.6433,439.94,439.95,2
533,ok,89.69,60.23,1390.50,827.06,1816,12.07,-374.99,3.6368,1371.84,203.03,1392,-77.62,-435.22,3.6368,442.09,442.10,2
534,ok,90.04,61.17,1399.44,825.51,1728,11.66,-376.14,3.6302,1373.73,204.12,1413,-78.38,-437.31,3.6302,444.28,444.29,2
535,ok,90.37,62.10,1404.56,824.05,1600,11.24,-377.32,3.6235,1375.08,206.37,1409,-79.13,-439.42,3.6235,446.49,446.50,2
536,ok,90.69,63.02,1406.79,819.88,1559,10.82,-378.53,3.6167,1376.92,207.51,1406,-79.87,-441.55,3.6167,448.72,448.73,2
537,ok,90.99,63.92,1406.57,816.75,1510,10.39,-379.76,3.6099,1380.73,209.24,1402,-80.60,-443.68,3.6099,450.94,450.96,2
538,ok,91.28,64.82,1401.41,813.53,1407,9.95,-381.02,3.6030,1381.81,211.29,1400,-81.33,-445.84,3.6030,453.20,453.21,2
539,ok,91.54,65.70,1395.70,808.92,1423,9.51,-382.30,3.5961,1384.56,210.84,1386,-82.03,-448.00,3.5961,455.45,455.46,2
540,ok,91.78,66.57,1390.02,807.00,1456,9.06,-383.60,3.5892,1387.70,212.05,1371,-82.72,-450.17,3.5892,457.71,457.72,2
541,ok,92.01,67.43,1387.26,809.00,1439,8.61,-384.91,3.5822,1391.30,213.89,1374,-83.40,-452.34,3.5822,459.96,459.98,2
542,ok,92.21,68.28,1386.38,812.40,1438,8.16,-386.25,3.5753,1394.22,214.95,1387,-84.05,-454.53,3.5753,462.24,462.25,2
543,ok,92.39,69.14,1385.42,812.86,1487,7.71,-387.59,3.5683,1398.01,215.87,1414,-84.68,-456.73,3.5683,464.51,464.53,2
544,ok,92.55,70.00,1385.21,813.05,1492,7.26,-388.95,3.5614,1402.09,216.49,1417,-85.29,-458.95,3.5614,466.81,466.82,2
545,ok,92.70,70.88,1386.11,812.47,1536,6.81,-390.33,3.5545,1406.82,216.01,1434,-85.89,-461.21,3.5545,469.14,469.15,2
546,ok,92.82,71.78,1386.24,811.94,1537,6.37,-391.72,3.5476,1409.59,215.79,1439,-86.45,-463.50,3.5476,471.49,471.51,2
547,ok,92.93,72.69,1386.70,812.33,1508,5.94,-393.13,3.5407,1412.27,216.37,1461,-86.99,-465.82,3.5407,473.87,473.89,2
548,ok,93.02,73.64,1386.35,812.31,1499,5.51,-394.56,3.5337,1413.31,216.63,1444,-87.51,-468.20,3.5337,476.31,476.32,2
549,ok,93.10,74.61,1386.35,812.25,1494,5.10,-396.00,3.5268,1414.20,216.99,1432,-88.00,-470.61,3.5268,478.77,478.78,2
550,ok,93.16,75.60,1386.53,811.94,1501,4.70,-397.46,3.5198,1415.12,217.35,1419,-88.46,-473.06,3.5198,481.26,481.27,2
551,ok,93.20,76.63,1387.14,811.94,1476,4.30,-398.95,3.5128,1416.13,218.42,1394,-88.90,-475.58,3.5128,483.82,483.83,2
552,ok,93.23,77.68,1387.39,812.61,1498,3.93,-400.47,3.5058,1417.52,220.23,1368,-89.30,-478.15,3.5058,486.42,486.43,2
553,ok,93.24,78.75,1386.98,811.05,1492,3.57,-402.02,3.4986,1416.53,220.88,1338,-89.67,-480.77,3.4986,489.06,489.07,2
554,ok,93.23,79.85,1387.44,811.27,1497,3.23,-403.60,3.4914,1417.69,222.83,1302,-90.00,-483.45,3.4914,491.76,491.77,2
555,ok,93.21,80.96,1386.83,810.62,1484,2.91,-405.22,3.4841,1417.12,224.71,1265,-90.30,-486.18,3.4841,494.49,494.51,2
556,ok,93.18,82.11,1387.05,809.81,1469,2.61,-406.89,3.4767,1417.37,227.09,1205,-90.57,-489.00,3.4767,497.32,497.33,2
557,ok,93.13,83.27,1387.32,809.73,1452,2.33,-408.60,3.4692,1418.25,230.31,1194,-90.80,-491.87,3.4692,500.18,500.19,2
558,ok,93.06,84.47,1386.49,809.58,1443,2.08,-410.35,3.4616,1419.31,235.35,1135,-90.98,-494.82,3.4616,503.11,503.13,2
559,ok,92.99,85.70,1386.41,808.71,1442,1.86,-412.14,3.4540,1421.90,240.21,1117,-91.13,-497.84,3.4540,506.11,506.12,2
560,ok,92.91,86.98,1386.83,808.50,1411,1.67,-413.95,3.4464,1424.63,245.64,1119,-91.24,-500.93,3.4464,509.17,509.18,2
561,ok,92.82,88.30,1387.65,807.53,1398,1.53,-415.76,3.4388,1425.96,249.96,1160,-91.29,-504.06,3.4388,512.26,512.27,2
562,ok,92.72,89.67,1387.91,805.68,1429,1.42,-417.59,3.4314,1427.05,253.55,1252,-91.30,-507.26,3.4314,515.41,515.42,2
563,ok,92.61,91.08,1388.27,802.69,1431,1.36,-419.40,3.4240,1427.50,256.33,1316,-91.25,-510.48,3.4240,518.57,518.58,2
564,ok,92.49,92.52,1385.94,798.36,1443,1.35,-421.21,3.4169,1426.94,257.84,1341,-91.14,-513.73,3.4169,521.75,521.76,2
565,ok,92.37,94.00,1379.77,797.09,1428,1.39,-423.00,3.4099,1428.66,260.03,1353,-90.98,-517.00,3.4099,524.94,524.96,2
566,ok,92.24,95.51,1366.49,791.85,1375,1.48,-424.78,3.4030,1427.20,259.37,1325,-90.76,-520.29,3.4030,528.15,528.16,2
567,ok,92.11,97.05,1352.17,787.26,1314,1.62,-426.54,3.3963,1425.85,259.22,1298,-90.49,-523.59,3.3963,531.35,531.36,2
568,ok,91.98,98.61,1335.61,783.21,1349,1.81,-428.30,3.3898,1424.49,259.17,1286,-90.17,-526.91,3.3898,534.57,534.58,2
569,ok,91.86,100.19,1320.00,778.43,1294,2.06,-430.05,3.3833,1421.62,258.62,1272,-89.80,-530.24,3.3833,537.79,537.80,2
570,ok,91.74,101.78,1304.21,774.31,1231,2.35,-431.79,3.3770,1418.05,259.04,1257,-89.39,-533.57,3.3770,541.01,541.02,2
571,ok,91.63,103.39,1292.81,768.73,1143,2.69,-433.54,3.3708,1415.33,259.24,1232,-88.94,-536.93,3.3708,544.25,544.26,2
572,ok,91.53,104.99,1283.67,763.80,1040,3.08,-435.29,3.3647,1411.34,259.86,1192,-88.45,-540.28,3.3647,547.47,547.48,2
573,ok,91.44,106.59,1277.39,758.63,911,3.52,-437.04,3.3587,1405.79,260.35,1177,-87.92,-543.63,3.3587,550.69,550.70,2
574,ok,91.36,108.17,1274.15,754.55,768,4.01,-438.80,3.3527,1400.42,260.80,1124,-87.35,-546.97,3.3527,553.90,553.91,2
575,ok,91.30,109.72,1272.88,751.44,656,4.54,-440.57,3.3469,1394.32,262.44,1109,-86.76,-550.29,3.3469,557.09,557.10,2
576,ok,91.24,111.24,1271.66,746.55,647,5.11,-442.33,3.3411,1385.67,261.52,1100,-86.13,-553.57,3.3411,560.23,560.24,2
577,ok,91.19,112.72,1271.98,742.28,649,5.73,-444.09,3.3354,1377.20,260.52,1121,-85.46,-556.81,3.3354,563.33,563.34,2
578,ok,91.15,114.15,1273.87,739.17,719,6.39,-445.85,3.3299,1369.10,261.18,1185,-84.76,-560.00,3.3299,566.38,566.39,2
579,ok,91.11,115.53,1275.33,737.46,741,7.08,-447.60,3.3244,1359.91,260.91,1278,-84.03,-563.13,3.3244,569.36,569.37,2
580,ok,91.08,116.86,1277.72,737.41,758,7.81,-449.34,3.3191,1350.24,262.34,1371,-83.27,-566.20,3.3191,572.29,572.30,2
581,ok,91.05,118.15,1279.82,737.80,765,8.57,-451.07,3.3138,1339.95,263.67,1439,-82.48,-569.22,3.3138,575.16,575.17,2
582,ok,91.02,119.40,1282.58,739.06,773,9.37,-452.78,3.3088,1329.24,265.31,1445,-81.65,-572.18,3.3088,577.98,577.99,2
583,ok,90.99,120.62,1284.72,740.85,814,10.20,-454.46,3.3038,1317.88,268.02,1432,-80.79,-575.08,3.3038,580.73,580.74,2
584,ok,90.96,121.82,1286.77,743.45,830,11.05,-456.11,3.2991,1306.57,271.52,1395,-79.91,-577.93,3.2991,583.43,583.44,2
585,ok,90.92,123.01,1289.66,745.67,848,11.94,-457.71,3.2945,1295.94,275.99,1382,-78.98,-580.72,3.2945,586.07,586.08,2
586,ok,90.88,124.19,1288.41,745.05,816,12.85,-459.27,3.2902,1283.71,278.99,1356,-78.03,-583.46,3.2902,588.65,588.66,2
587,ok,90.82,125.36,1289.48,744.52,861,13.78,-460.75,3.2861,1272.77,282.05,1355,-77.04,-586.11,3.2861,591.15,591.16,2
588,ok,90.72,125.86,1289.19,743.48,879,14.74,-462.17,3.2823,1261.32,284.12,1332,-75.98,-588.03,3.2823,592.92,592.93,2
589,ok,90.61,126.33,1289.35,742.78,897,15.71,-463.51,3.2788,1251.21,285.44,1317,-74.90,-589.84,3.2788,594.58,594.59,2
590,ok,90.47,126.75,1289.91,742.12,945,16.71,-464.77,3.2756,1241.92,286.16,1302,-73.76,-591.52,3.2756,596.10,596.11,2
591,ok,90.30,127.12,1289.39,741.70,933,17.72,-465.96,3.2727,1233.59,286.74,1287,-72.58,-593.08,3.2727,597.50,597.51,2
592,ok,90.10,127.43,1287.89,741.30,828,18.74,-467.08,3.2699,1227.50,286.93,1271,-71.36,-594.51,3.2699,598.78,598.79,2
593,ok,89.87,127.69,1282.80,741.16,597,19.77,-468.14,3.2674,1220.76,287.26,1258,-70.10,-595.83,3.2674,599.94,599.95,2
594,ok,89.60,127.89,1277.18,741.15,295,20.80,-469.14,3.2650,1214.57,288.10,1241,-68.80,-597.03,3.2650,600.98,600.99,2
595,ok,89.31,128.03,1302.32,738.34,312,21.84,-470.10,3.2628,1208.78,288.93,1220,-67.47,-598.13,3.2628,601.92,601.93,2
596,ok,88.97,128.11,1294.79,738.76,657,22.89,-471.01,3.2607,1202.39,289.90,1212,-66.08,-599.12,3.2607,602.75,602.76,2
597,ok,88.59,128.13,1289.59,738.49,987,23.94,-471.86,3.2588,1196.76,290.65,1173,-64.65,-599.99,3.2588,603.46,603.47,2
598,ok,88.18,128.09,1288.43,738.06,984,25.00,-472.66,3.2571,1190.58,290.69,1122,-63.18,-600.75,3.2571,604.06,604.07,2
599,ok,87.72,127.99,1288.89,738.12,998,26.05,-473.41,3.2555,1185.70,290.90,1039,-61.67,-601.40,3.2555,604.55,604.56,2
600,ok,87.22,127.84,1287.46,737.02,986,27.11,-474.10,3.2541,1180.15,291.70,963,-60.11,-601.94,3.2541,604.93,604.94,2
601,ok,86.68,127.64,1286.57,736.48,1014,28.18,-474.73,3.2529,1174.91,292.98,896,-58.50,-602.37,3.2529,605.20,605.21,2
602,ok,86.10,127.39,1287.07,736.59,1041,29.25,-475.30,3.2519,1171.96,294.67,892,-56.85,-602.69,3.2519,605.37,605.37,2
603,ok,85.47,127.10,1286.88,737.04,1064,30.32,-475.79,3.2511,1167.30,296.16,883,-55.15,-602.89,3.2511,605.41,605.42,2
604,ok,84.79,126.77,1285.91,736.87,1049,31.41,-476.19,3.2506,1162.12,296.36,887,-53.38,-602.96,3.2506,605.32,605.33,2
605,ok,84.09,125.80,1284.66,736.96,1018,32.49,-476.52,3.2502,1157.14,296.44,907,-51.60,-602.32,3.2502,604.53,604.53,2
606,ok,83.34,124.79,1282.63,735.57,1011,33.58,-476.76,3.2502,1152.05,295.00,937,-49.76,-601.55,3.2502,603.60,603.61,2
607,ok,82.55,123.76,1281.41,734.12,1056,34.68,-476.92,3.2503,1147.63,293.38,954,-47.87,-600.68,3.2503,602.58,602.59,2
608,ok,81.72,122.71,1277.89,731.98,1045,35.79,-477.01,3.2507,1142.30,291.22,978,-45.93,-599.72,3.2507,601.48,601.49,2
609,ok,80.87,121.62,1274.02,730.31,1038,36.87,-477.05,3.2512,1138.30,290.25,1000,-44.00,-598.67,3.2512,600.28,600.29,2
610,ok,80.00,120.50,1265.61,725.81,997,37.91,-477.03,3.2519,1131.94,288.09,1004,-42.09,-597.53,3.2519,599.01,599.02,2
611,ok,79.12,119.33,1254.86,721.91,990,38.93,-476.97,3.2527,1126.31,286.83,997,-40.19,-596.30,3.2527,597.65,597.66,2
612,ok,78.23,118.11,1241.92,717.47,963,39.92,-476.88,3.2536,1120.94,286.25,1002,-38.31,-594.99,3.2536,596.22,596.23,2
613,ok,77.31,116.80,1227.47,711.29,897,40.89,-476.75,3.2545,1115.19,285.41,1001,-36.42,-593.55,3.2545,594.67,594.68,2
614,ok,76.39,115.40,1213.21,707.23,957,41.84,-476.59,3.2555,1108.98,284.93,1001,-34.55,-591.99,3.2555,593.00,593.01,2
615,ok,75.44,113.87,1198.42,706.58,982,42.76,-476.41,3.2566,1102.32,284.75,990,-32.68,-590.28,3.2566,591.18,591.19,2
616,ok,74.48,112.22,1181.28,707.34,957,43.67,-476.21,3.2578,1094.84,283.93,998,-30.81,-588.43,3.2578,589.24,589.25,2
617,ok,73.51,110.42,1169.69,707.73,458,44.56,-476.00,3.2589,1088.14,283.28,993,-28.95,-586.42,3.2589,587.13,587.14,2
618,foot_only,72.53,108.47,1080.99,282.56,998,45.43,-475.78,3.2601,,,,-27.10,-584.25,3.2601,584.88,584.89,1
619,ok,71.60,107.79,1114.90,724.93,582,46.29,-475.57,3.2612,1074.03,282.46,997,-25.31,-583.36,3.2612,583.91,583.92,2
620,ok,70.68,107.02,1097.12,730.17,932,47.13,-475.37,3.2624,1066.12,282.15,995,-23.55,-582.39,3.2624,582.87,582.88,2
621,ok,69.76,106.18,1072.75,736.83,919,47.96,-475.17,3.2634,1059.03,282.44,998,-21.80,-581.35,3.2634,581.76,581.77,2
622,ok,68.86,105.27,1048.83,740.84,915,48.78,-474.99,3.2645,1051.05,283.67,999,-20.08,-580.26,3.2645,580.61,580.62,2
623,ok,67.98,104.31,1027.59,740.89,917,49.59,-474.81,3.2655,1042.92,284.54,995,-18.39,-579.12,3.2655,579.41,579.42,2
624,ok,67.12,103.28,1011.78,742.19,1010,50.38,-474.64,3.2664,1034.53,286.04,982,-16.74,-577.92,3.2664,578.16,578.17,2
625,ok,66.29,102.18,1002.67,743.53,1054,51.16,-474.47,3.2674,1026.50,287.25,982,-15.13,-576.65,3.2674,576.85,576.86,2
626,ok,65.48,101.01,1000.58,746.24,1006,51.93,-474.29,3.2684,1017.87,288.45,980,-13.55,-575.30,3.2684,575.46,575.47,2
627,ok,64.71,99.76,998.11,746.74,967,52.68,-474.10,3.2694,1008.94,288.37,979,-12.03,-573.86,3.2694,573.99,574.00,2
628,ok,63.96,98.44,996.69,746.87,934,53.42,-473.91,3.2704,1000.74,288.64,970,-10.54,-572.35,3.2704,572.45,572.46,2
629,ok,63.24,97.02,996.39,746.96,955,54.15,-473.70,3.2715,992.73,288.55,972,-9.09,-570.72,3.2715,570.79,570.80,2
630,ok,62.55,95.49,995.88,746.81,983,54.86,-473.48,3.2725,983.87,288.38,965,-7.69,-568.97,3.2725,569.02,569.03,2
631,ok,61.89,93.84,994.92,746.66,1002,55.56,-473.25,3.2736,975.14,287.72,964,-6.33,-567.09,3.2736,567.13,567.13,2
632,ok,61.26,92.05,994.80,745.59,1025,56.24,-473.01,3.2747,966.90,286.68,960,-5.02,-565.06,3.2747,565.08,565.09,2
633,ok,60.65,90.08,993.78,745.38,1035,56.90,-472.77,3.2758,958.13,285.59,970,-3.75,-562.85,3.2758,562.86,562.87,2
634,ok,60.08,87.92,982.30,745.53,376,57.53,-472.54,3.2769,949.57,284.40,967,-2.55,-560.46,3.2769,560.47,560.48,2
635,foot_only,59.54,85.51,941.08,283.05,969,58.13,-472.34,3.2778,,,,-1.41,-557.85,3.2778,557.85,557.86,1
636,ok,58.96,84.95,996.23,741.78,820,58.71,-472.15,3.2787,932.46,282.28,970,-0.25,-557.10,3.2787,557.10,557.11,2
637,ok,58.42,84.25,992.81,745.13,1030,59.25,-472.01,3.2795,923.44,282.05,991,0.83,-556.26,3.2795,556.26,556.27,2
638,ok,57.90,83.42,993.75,743.94,1042,59.75,-471.91,3.2801,915.99,282.18,1001,1.85,-555.33,3.2801,555.33,555.34,2
